regime,family,setting,value,messages_per_robot_min,message_fraction,rmse_xy,rmse_xy_blind,rmse_xy_std_datasets
full_map,drop,p=0,0.0,55.533778648854046,1.0,3.71927205980684,,
full_map,drop,p=0.25,0.25,41.379144834206635,0.7451166810717372,3.2477429485551115,,
full_map,drop,p=0.5,0.5,27.68049278028879,0.4984442523768367,3.3648787768801576,,
full_map,drop,p=0.75,0.75,13.996240150393986,0.2520311149524633,3.3030003692409493,,
full_map,drop,p=0.9,0.9,5.702171913123475,0.10267934312878133,3.6064765873165014,,
full_map,drop,p=1,1.0,0.0,0.0,3.6207897736446157,,
map_blind,drop,p=0,0.0,55.533778648854046,1.0,5.409688239155881,5.680546345465639,
map_blind,drop,p=0.25,0.25,41.379144834206635,0.7451166810717372,5.727753770955738,6.125082085520524,
map_blind,drop,p=0.5,0.5,27.68049278028879,0.4984442523768367,5.537745042791943,6.087394520099293,
map_blind,drop,p=0.75,0.75,13.996240150393986,0.2520311149524633,5.636984167175309,6.224626210318079,
map_blind,drop,p=0.9,0.9,5.702171913123475,0.10267934312878133,5.744486892316527,6.530824879850752,
map_blind,drop,p=1,1.0,0.0,0.0,5.337337874310216,6.0454766388953995,
full_map,radius,1 m,1.0,0.09599616015359386,0.001728608470181504,3.620788872744474,,
full_map,radius,2 m,2.0,16.55933762649494,0.29818496110630943,3.626416739335407,,
full_map,radius,4 m,4.0,53.01387944482221,0.9546240276577356,3.5833757237900885,,
full_map,radius,8 m,8.0,55.533778648854046,1.0,3.7192720598068396,,
full_map,radius,unlimited,inf,55.533778648854046,1.0,3.7192720598068396,,
map_blind,radius,1 m,1.0,0.09599616015359386,0.001728608470181504,5.337337874310216,6.0454766388954,
map_blind,radius,2 m,2.0,16.55933762649494,0.29818496110630943,4.696429922874901,4.976439411722146,
map_blind,radius,4 m,4.0,53.01387944482221,0.9546240276577356,5.581485776041129,5.891139467899943,
map_blind,radius,8 m,8.0,55.533778648854046,1.0,5.409688239155882,5.680546345465639,
map_blind,radius,unlimited,inf,55.533778648854046,1.0,5.409688239155882,5.680546345465639,
full_map,rate,1 s,1.0,13.43946242150314,0.24200518582541056,3.5765021226347473,,
full_map,rate,5 s,5.0,4.151833926642935,0.07476231633535005,3.9679757994243183,,
full_map,rate,10 s,10.0,2.6158953641854326,0.04710458081244598,3.955185210222582,,
full_map,rate,30 s,30.0,1.3199472021119156,0.02376836646499568,4.038079524220034,,
full_map,rate,inf,inf,0.0,0.0,3.6207897736446157,,
map_blind,rate,1 s,1.0,13.43946242150314,0.24200518582541056,5.75098492615664,6.167309308537796,
map_blind,rate,5 s,5.0,4.151833926642935,0.07476231633535005,5.489597758911474,6.010325846903814,
map_blind,rate,10 s,10.0,2.6158953641854326,0.04710458081244598,5.406685628755483,6.210915554962646,
map_blind,rate,30 s,30.0,1.3199472021119156,0.02376836646499568,5.424386115051019,5.554192906556161,
map_blind,rate,inf,inf,0.0,0.0,5.337337874310216,6.0454766388954,
full_map,trigger,tau=0.003,0.003,55.389784408623655,0.9974070872947277,3.7192720598068396,,
full_map,trigger,tau=0.01,0.01,18.59925602975881,0.3349178910976664,3.189239152005281,,
full_map,trigger,tau=0.03,0.03,8.61565537378505,0.15514261019878997,3.194159123816543,,
full_map,trigger,tau=0.1,0.1,9.047638094476222,0.16292134831460675,3.368084888708462,,
full_map,trigger,tau=0.3,0.3,4.919803207871685,0.08859118409680207,3.217647612918283,,
full_map,trigger,tau=1,1.0,2.7118915243390265,0.04883318928262748,3.219338461723672,,
full_map,trigger,tau=3,3.0,1.343946242150314,0.024200518582541054,3.22350494600353,,
full_map,trigger,tau=10,10.0,0.0,0.0,3.6207897736446157,,
map_blind,trigger,tau=0.003,0.003,55.48578056877725,0.9991356957649092,5.409688239155882,5.680546345465639,
map_blind,trigger,tau=0.01,0.01,39.76640934362626,0.716076058772688,5.686073248087413,6.070622161078322,
map_blind,trigger,tau=0.03,0.03,35.566577336906526,0.6404494382022472,4.9870487889628485,4.968329090092844,
map_blind,trigger,tau=0.1,0.1,18.959241630334787,0.341400172860847,4.583653524215383,5.312111953052963,
map_blind,trigger,tau=0.3,0.3,16.29534818607256,0.2934312878133103,5.437290726923176,6.301300720684842,
map_blind,trigger,tau=1,1.0,12.071517139314428,0.2173725151253241,5.267706775281146,5.929424807180286,
map_blind,trigger,tau=3,3.0,3.8878444862205512,0.07000864304235091,5.179171335785919,5.781865741354907,
map_blind,trigger,tau=10,10.0,3.4798608055677773,0.06266205704407951,5.268197548283133,5.930242762183596,
