dataset,window_s,robot,gate,v_max_mps,w_max_radps,rmse_xy,median_xy,max_xy,landmark_updates_accepted,landmark_updates_rejected
9,500.0,1,protocol gate (9.21),0.165,1.003,6.818900629334269,5.340600811024659,13.020472854296305,498,1521
9,500.0,1,gate disabled,0.165,1.003,0.10702383325814045,0.07424358944353247,0.28742553283249267,2019,0
9,500.0,2,protocol gate (9.21),0.167,1.047,1.7313588255306072,0.29429400784465154,5.145453310180772,1290,835
9,500.0,2,gate disabled,0.167,1.047,0.1254890069079555,0.10004248547532492,0.27719313425990266,2125,0
9,500.0,3,protocol gate (9.21),0.165,1.003,1.0829034914043707,0.10707348298308977,4.56481855137657,1483,472
9,500.0,3,gate disabled,0.165,1.003,0.11000251016159922,0.09334648477885518,0.3369784529334992,1955,0
9,500.0,4,protocol gate (9.21),0.165,1.003,4.101494551821471,2.63670446820654,7.431561164742067,432,359
9,500.0,4,gate disabled,0.165,1.003,0.14538344323099534,0.13579263608956071,0.7089499156845777,791,0
9,500.0,5,protocol gate (9.21),0.165,1.003,4.369291370132362,4.145380663652549,8.429727979846772,553,1606
9,500.0,5,gate disabled,0.165,1.003,0.11803202782666866,0.08091975040256294,0.4857394428180757,2159,0
1,500.0,1,protocol gate (9.21),0.086,0.408,0.1536587250326001,0.08916272839105893,0.6171904627725194,1356,317
1,500.0,1,gate disabled,0.086,0.408,1.708574945322801,0.33583053785590167,5.215044789747672,1673,0
1,500.0,2,protocol gate (9.21),0.086,0.57,0.14140723349422288,0.10498742296168248,0.5702503338908496,1488,212
1,500.0,2,gate disabled,0.086,0.57,1.2889935833789858,0.567983426948344,4.285978265315166,1700,0
1,500.0,3,protocol gate (9.21),0.086,0.408,0.1353207182431706,0.0765235210562653,0.44288953697354133,1816,237
1,500.0,3,gate disabled,0.086,0.408,1.241604560958093,0.6615386742406747,4.08212649856559,2053,0
1,500.0,4,protocol gate (9.21),0.086,0.57,0.17808145833534506,0.14420251547460708,0.5018144835352936,912,170
1,500.0,4,gate disabled,0.086,0.57,1.1891303609644353,0.30283261949450807,3.49115379683778,1082,0
1,500.0,5,protocol gate (9.21),0.086,0.57,0.16506910492231805,0.10809241759757486,0.9533262190148993,2211,432
1,500.0,5,gate disabled,0.086,0.57,1.8652310160987104,0.5538858583010225,6.143346514259142,2643,0
