knee_found,family,setting,messages_per_robot_min,rmse_xy,message_fraction,fraction_of_gain,scope,regime,rmse_xy_full_comm,rmse_xy_no_comm,messages_per_robot_min_full_comm
True,trigger,tau=3,1.343946242150314,3.22350494600353,0.024200518582541054,,pooled,full_map,3.71927205980684,3.6207897736446157,55.533778648854046
True,drop,p=0.75,13.996240150393986,3.3030003692409493,0.2520311149524633,,drop,full_map,3.71927205980684,3.6207897736446157,55.533778648854046
False,,,,,,,radius,full_map,3.7192720598068396,3.6207897736446157,55.533778648854046
False,,,,,,,rate,full_map,3.5765021226347473,3.6207897736446157,13.43946242150314
True,trigger,tau=3,1.343946242150314,3.22350494600353,0.024200518582541054,,trigger,full_map,3.7192720598068396,3.6207897736446157,55.389784408623655
True,trigger,tau=3,3.8878444862205512,5.179171335785919,0.07000864304235091,,pooled,map_blind,5.409688239155881,5.337337874310216,55.533778648854046
False,,,,,,,drop,map_blind,5.409688239155881,5.337337874310216,55.533778648854046
False,,,,,,,radius,map_blind,5.409688239155882,5.337337874310216,55.533778648854046
False,,,,,,,rate,map_blind,5.75098492615664,5.337337874310216,13.43946242150314
True,trigger,tau=3,3.8878444862205512,5.179171335785919,0.07000864304235091,,trigger,map_blind,5.409688239155882,5.337337874310216,55.48578056877725
