regime,trigger_setting,trigger_messages_per_robot_min,trigger_rmse_xy,family,setting,messages_per_robot_min,rmse_xy,budget_ratio,rmse_difference
full_map,tau=0.003,55.389784408623655,3.7192720598068396,rate,1 s,13.43946242150314,3.5765021226347473,4.121428571428571,0.1427699371720923
full_map,tau=0.003,55.389784408623655,3.7192720598068396,drop,p=0,55.533778648854046,3.71927205980684,0.9974070872947277,-4.440892098500626e-16
full_map,tau=0.003,55.389784408623655,3.7192720598068396,radius,8 m,55.533778648854046,3.7192720598068396,0.9974070872947277,0.0
full_map,tau=0.01,18.59925602975881,3.189239152005281,rate,1 s,13.43946242150314,3.5765021226347473,1.3839285714285714,-0.38726297062946635
full_map,tau=0.01,18.59925602975881,3.189239152005281,drop,p=0.75,13.996240150393986,3.3030003692409493,1.328875171467764,-0.11376121723566834
full_map,tau=0.01,18.59925602975881,3.189239152005281,radius,2 m,16.55933762649494,3.626416739335407,1.1231884057971013,-0.437177587330126
full_map,tau=0.03,8.61565537378505,3.194159123816543,rate,1 s,13.43946242150314,3.5765021226347473,0.6410714285714286,-0.3823429988182041
full_map,tau=0.03,8.61565537378505,3.194159123816543,drop,p=0.9,5.702171913123475,3.6064765873165014,1.510942760942761,-0.41231746349995824
full_map,tau=0.03,8.61565537378505,3.194159123816543,radius,2 m,16.55933762649494,3.626416739335407,0.5202898550724638,-0.43225761551886377
full_map,tau=0.1,9.047638094476222,3.368084888708462,rate,1 s,13.43946242150314,3.5765021226347473,0.6732142857142858,-0.2084172339262853
full_map,tau=0.1,9.047638094476222,3.368084888708462,drop,p=0.75,13.996240150393986,3.3030003692409493,0.6464334705075445,0.0650845194675127
full_map,tau=0.1,9.047638094476222,3.368084888708462,radius,2 m,16.55933762649494,3.626416739335407,0.5463768115942029,-0.25833185062694497
full_map,tau=0.3,4.919803207871685,3.217647612918283,rate,5 s,4.151833926642935,3.9679757994243183,1.1849710982658959,-0.7503281865060352
full_map,tau=0.3,4.919803207871685,3.217647612918283,drop,p=0.9,5.702171913123475,3.6064765873165014,0.8627946127946128,-0.3888289743982183
full_map,tau=0.3,4.919803207871685,3.217647612918283,radius,2 m,16.55933762649494,3.626416739335407,0.2971014492753623,-0.4087691264171238
full_map,tau=1,2.7118915243390265,3.219338461723672,rate,10 s,2.6158953641854326,3.955185210222582,1.036697247706422,-0.73584674849891
full_map,tau=1,2.7118915243390265,3.219338461723672,drop,p=0.9,5.702171913123475,3.6064765873165014,0.47558922558922556,-0.38713812559282923
full_map,tau=1,2.7118915243390265,3.219338461723672,radius,2 m,16.55933762649494,3.626416739335407,0.16376811594202897,-0.40707827761173476
full_map,tau=3,1.343946242150314,3.22350494600353,rate,30 s,1.3199472021119156,4.038079524220034,1.0181818181818183,-0.8145745782165044
full_map,tau=3,1.343946242150314,3.22350494600353,drop,p=0.9,5.702171913123475,3.6064765873165014,0.2356902356902357,-0.38297164131297157
full_map,tau=3,1.343946242150314,3.22350494600353,radius,2 m,16.55933762649494,3.626416739335407,0.08115942028985508,-0.4029117933318771
map_blind,tau=0.003,55.48578056877725,5.409688239155882,rate,1 s,13.43946242150314,5.75098492615664,4.128571428571428,-0.3412966870007583
map_blind,tau=0.003,55.48578056877725,5.409688239155882,drop,p=0,55.533778648854046,5.409688239155881,0.9991356957649092,8.881784197001252e-16
map_blind,tau=0.003,55.48578056877725,5.409688239155882,radius,8 m,55.533778648854046,5.409688239155882,0.9991356957649092,0.0
map_blind,tau=0.01,39.76640934362626,5.686073248087413,rate,1 s,13.43946242150314,5.75098492615664,2.9589285714285714,-0.06491167806922693
map_blind,tau=0.01,39.76640934362626,5.686073248087413,drop,p=0.25,41.379144834206635,5.727753770955738,0.9610254030854889,-0.04168052286832502
map_blind,tau=0.01,39.76640934362626,5.686073248087413,radius,4 m,53.01387944482221,5.581485776041129,0.7501131733816206,0.10458747204628427
map_blind,tau=0.03,35.566577336906526,4.9870487889628485,rate,1 s,13.43946242150314,5.75098492615664,2.6464285714285714,-0.7639361371937916
map_blind,tau=0.03,35.566577336906526,4.9870487889628485,drop,p=0.25,41.379144834206635,5.727753770955738,0.8595290569539497,-0.7407049819928897
map_blind,tau=0.03,35.566577336906526,4.9870487889628485,radius,4 m,53.01387944482221,5.581485776041129,0.6708918062471707,-0.5944369870782804
map_blind,tau=0.1,18.959241630334787,4.583653524215383,rate,1 s,13.43946242150314,5.75098492615664,1.4107142857142858,-1.167331401941257
map_blind,tau=0.1,18.959241630334787,4.583653524215383,drop,p=0.75,13.996240150393986,5.636984167175309,1.3545953360768175,-1.053330642959926
map_blind,tau=0.1,18.959241630334787,4.583653524215383,radius,2 m,16.55933762649494,4.696429922874901,1.144927536231884,-0.11277639865951805
map_blind,tau=0.3,16.29534818607256,5.437290726923176,rate,1 s,13.43946242150314,5.75098492615664,1.2125000000000001,-0.3136941992334643
map_blind,tau=0.3,16.29534818607256,5.437290726923176,drop,p=0.75,13.996240150393986,5.636984167175309,1.1642661179698217,-0.19969344025213331
map_blind,tau=0.3,16.29534818607256,5.437290726923176,radius,2 m,16.55933762649494,4.696429922874901,0.9840579710144929,0.7408608040482747
map_blind,tau=1,12.071517139314428,5.267706775281146,rate,1 s,13.43946242150314,5.75098492615664,0.8982142857142857,-0.48327815087549375
map_blind,tau=1,12.071517139314428,5.267706775281146,drop,p=0.75,13.996240150393986,5.636984167175309,0.862482853223594,-0.36927739189416275
map_blind,tau=1,12.071517139314428,5.267706775281146,radius,2 m,16.55933762649494,4.696429922874901,0.7289855072463769,0.5712768524062453
map_blind,tau=3,3.8878444862205512,5.179171335785919,rate,5 s,4.151833926642935,5.489597758911474,0.9364161849710981,-0.3104264231255547
map_blind,tau=3,3.8878444862205512,5.179171335785919,drop,p=0.9,5.702171913123475,5.744486892316527,0.6818181818181818,-0.5653155565306074
map_blind,tau=3,3.8878444862205512,5.179171335785919,radius,2 m,16.55933762649494,4.696429922874901,0.23478260869565218,0.48274141291101813
map_blind,tau=10,3.4798608055677773,5.268197548283133,rate,5 s,4.151833926642935,5.489597758911474,0.838150289017341,-0.2214002106283406
map_blind,tau=10,3.4798608055677773,5.268197548283133,drop,p=0.9,5.702171913123475,5.744486892316527,0.6102693602693603,-0.4762893440333933
map_blind,tau=10,3.4798608055677773,5.268197548283133,radius,2 m,16.55933762649494,4.696429922874901,0.21014492753623187,0.5717676254082322
