regime,family,setting,value,dataset,rmse_xy,rmse_xy_blind,rmse_theta,messages_total,candidates_total,fused_total,duration_s,n_robots,n_seeds,messages_per_robot_min,message_fraction
full_map,drop,p=0,0.0,9,3.71927205980684,,1.1289390087448645,2314.0,2314.0,445.0,500.02,5,5,55.533778648854046,1.0
full_map,drop,p=0.25,0.25,9,3.2477429485551115,,1.0451864679686604,1724.2,2314.0,364.6,500.02,5,5,41.379144834206635,0.7451166810717372
full_map,drop,p=0.5,0.5,9,3.3648787768801576,,1.0729404707654786,1153.4,2314.0,258.0,500.02,5,5,27.68049278028879,0.4984442523768367
full_map,drop,p=0.75,0.75,9,3.3030003692409493,,1.0609466441142716,583.2,2314.0,133.8,500.02,5,5,13.996240150393986,0.2520311149524633
full_map,drop,p=0.9,0.9,9,3.6064765873165014,,1.1495830949607064,237.6,2314.0,60.8,500.02,5,5,5.702171913123475,0.10267934312878133
full_map,drop,p=1,1.0,9,3.6207897736446157,,1.14207989069475,0.0,2314.0,0.0,500.02,5,5,0.0,0.0
map_blind,drop,p=0,0.0,9,5.409688239155881,5.680546345465639,1.4927495575348524,2314.0,2314.0,530.0,500.02,5,5,55.533778648854046,1.0
map_blind,drop,p=0.25,0.25,9,5.727753770955738,6.125082085520524,1.6357047727955734,1724.2,2314.0,452.4,500.02,5,5,41.379144834206635,0.7451166810717372
map_blind,drop,p=0.5,0.5,9,5.537745042791943,6.087394520099293,1.6311223647679127,1153.4,2314.0,357.2,500.02,5,5,27.68049278028879,0.4984442523768367
map_blind,drop,p=0.75,0.75,9,5.636984167175309,6.224626210318079,1.5606682068540392,583.2,2314.0,239.8,500.02,5,5,13.996240150393986,0.2520311149524633
map_blind,drop,p=0.9,0.9,9,5.744486892316527,6.530824879850752,1.5647919498331657,237.6,2314.0,120.8,500.02,5,5,5.702171913123475,0.10267934312878133
map_blind,drop,p=1,1.0,9,5.337337874310216,6.0454766388953995,1.4850042664656642,0.0,2314.0,0.0,500.02,5,5,0.0,0.0
full_map,radius,1 m,1.0,9,3.620788872744474,,1.1420795401889243,4.0,2314.0,4.0,500.02,5,1,0.09599616015359386,0.001728608470181504
full_map,radius,2 m,2.0,9,3.626416739335407,,1.1490284139696565,690.0,2314.0,184.0,500.02,5,1,16.55933762649494,0.29818496110630943
full_map,radius,4 m,4.0,9,3.5833757237900885,,1.0599423988821153,2209.0,2314.0,441.0,500.02,5,1,53.01387944482221,0.9546240276577356
full_map,radius,8 m,8.0,9,3.7192720598068396,,1.1289390087448645,2314.0,2314.0,445.0,500.02,5,1,55.533778648854046,1.0
full_map,radius,unlimited,inf,9,3.7192720598068396,,1.1289390087448645,2314.0,2314.0,445.0,500.02,5,1,55.533778648854046,1.0
map_blind,radius,1 m,1.0,9,5.337337874310216,6.0454766388954,1.4850042664656642,4.0,2314.0,0.0,500.02,5,1,0.09599616015359386,0.001728608470181504
map_blind,radius,2 m,2.0,9,4.696429922874901,4.976439411722146,1.599952815939947,690.0,2314.0,195.0,500.02,5,1,16.55933762649494,0.29818496110630943
map_blind,radius,4 m,4.0,9,5.581485776041129,5.891139467899943,1.5469807735088978,2209.0,2314.0,492.0,500.02,5,1,53.01387944482221,0.9546240276577356
map_blind,radius,8 m,8.0,9,5.409688239155882,5.680546345465639,1.4927495575348526,2314.0,2314.0,530.0,500.02,5,1,55.533778648854046,1.0
map_blind,radius,unlimited,inf,9,5.409688239155882,5.680546345465639,1.4927495575348526,2314.0,2314.0,530.0,500.02,5,1,55.533778648854046,1.0
full_map,rate,1 s,1.0,9,3.5765021226347473,,1.0568937833986536,560.0,2314.0,130.0,500.02,5,1,13.43946242150314,0.24200518582541056
full_map,rate,5 s,5.0,9,3.9679757994243183,,1.1582797256668314,173.0,2314.0,45.0,500.02,5,1,4.151833926642935,0.07476231633535005
full_map,rate,10 s,10.0,9,3.955185210222582,,1.1661317167282879,109.0,2314.0,31.0,500.02,5,1,2.6158953641854326,0.04710458081244598
full_map,rate,30 s,30.0,9,4.038079524220034,,1.2309231794060833,55.0,2314.0,11.0,500.02,5,1,1.3199472021119156,0.02376836646499568
full_map,rate,inf,inf,9,3.6207897736446157,,1.14207989069475,0.0,2314.0,0.0,500.02,5,1,0.0,0.0
map_blind,rate,1 s,1.0,9,5.75098492615664,6.167309308537796,1.629563648366441,560.0,2314.0,257.0,500.02,5,1,13.43946242150314,0.24200518582541056
map_blind,rate,5 s,5.0,9,5.489597758911474,6.010325846903814,1.6419609109206195,173.0,2314.0,91.0,500.02,5,1,4.151833926642935,0.07476231633535005
map_blind,rate,10 s,10.0,9,5.406685628755483,6.210915554962646,1.5222634830775637,109.0,2314.0,61.0,500.02,5,1,2.6158953641854326,0.04710458081244598
map_blind,rate,30 s,30.0,9,5.424386115051019,5.554192906556161,1.673702810339499,55.0,2314.0,32.0,500.02,5,1,1.3199472021119156,0.02376836646499568
map_blind,rate,inf,inf,9,5.337337874310216,6.0454766388954,1.4850042664656642,0.0,2314.0,0.0,500.02,5,1,0.0,0.0
full_map,trigger,tau=0.003,0.003,9,3.7192720598068396,,1.1289390087448645,2308.0,2314.0,445.0,500.02,5,1,55.389784408623655,0.9974070872947277
full_map,trigger,tau=0.01,0.01,9,3.189239152005281,,1.0240508016472538,775.0,2314.0,188.0,500.02,5,1,18.59925602975881,0.3349178910976664
full_map,trigger,tau=0.03,0.03,9,3.194159123816543,,1.0269870735624702,359.0,2314.0,22.0,500.02,5,1,8.61565537378505,0.15514261019878997
full_map,trigger,tau=0.1,0.1,9,3.368084888708462,,1.0835042366260121,377.0,2314.0,15.0,500.02,5,1,9.047638094476222,0.16292134831460675
full_map,trigger,tau=0.3,0.3,9,3.217647612918283,,1.0431058490954555,205.0,2314.0,5.0,500.02,5,1,4.919803207871685,0.08859118409680207
full_map,trigger,tau=1,1.0,9,3.219338461723672,,1.0436031410979625,113.0,2314.0,2.0,500.02,5,1,2.7118915243390265,0.04883318928262748
full_map,trigger,tau=3,3.0,9,3.22350494600353,,1.043305779335693,56.0,2314.0,1.0,500.02,5,1,1.343946242150314,0.024200518582541054
full_map,trigger,tau=10,10.0,9,3.6207897736446157,,1.14207989069475,0.0,2314.0,0.0,500.02,5,1,0.0,0.0
map_blind,trigger,tau=0.003,0.003,9,5.409688239155882,5.680546345465639,1.4927495575348526,2312.0,2314.0,530.0,500.02,5,1,55.48578056877725,0.9991356957649092
map_blind,trigger,tau=0.01,0.01,9,5.686073248087413,6.070622161078322,1.5874998854241291,1657.0,2314.0,418.0,500.02,5,1,39.76640934362626,0.716076058772688
map_blind,trigger,tau=0.03,0.03,9,4.9870487889628485,4.968329090092844,1.4820968005692705,1482.0,2314.0,397.0,500.02,5,1,35.566577336906526,0.6404494382022472
map_blind,trigger,tau=0.1,0.1,9,4.583653524215383,5.312111953052963,1.3869445048810642,790.0,2314.0,192.0,500.02,5,1,18.959241630334787,0.341400172860847
map_blind,trigger,tau=0.3,0.3,9,5.437290726923176,6.301300720684842,1.5554635447326117,679.0,2314.0,141.0,500.02,5,1,16.29534818607256,0.2934312878133103
map_blind,trigger,tau=1,1.0,9,5.267706775281146,5.929424807180286,1.5846872701799248,503.0,2314.0,77.0,500.02,5,1,12.071517139314428,0.2173725151253241
map_blind,trigger,tau=3,3.0,9,5.179171335785919,5.781865741354907,1.5930821154494572,162.0,2314.0,54.0,500.02,5,1,3.8878444862205512,0.07000864304235091
map_blind,trigger,tau=10,10.0,9,5.268197548283133,5.930242762183596,1.71032160357418,145.0,2314.0,32.0,500.02,5,1,3.4798608055677773,0.06266205704407951
