dataset,regime,method,robot,blind,rmse_xy,mean_xy,median_xy,p95_xy,max_xy,rmse_theta,final_xy,n_scored,n_masked,messages_sent_total,candidates_total,fused_total,gated_total,declined_total,messages_sent_robot,candidates_robot,duration_s,family,setting,value,seed
9,full_map,EKF cooperative,1,False,6.782585855102319,5.565957782458305,5.336925767768933,11.895742557212225,13.006087769881365,1.7782814435478518,10.50923370724284,24559,442,2314,2314,445,502,1367,563,563,500.02,drop,p=0,0.0,0
9,full_map,EKF cooperative,2,False,4.2955486071106925,3.12042319121891,2.2812504211106592,8.433746905381842,9.101287203684388,1.4057268152905613,5.966395223802375,24559,442,2314,2314,445,502,1367,409,409,500.02,drop,p=0,0.0,0
9,full_map,EKF cooperative,3,False,1.0712687741963158,0.5671596858586271,0.10997353288895995,2.6176103289203123,4.564818558512618,0.747885221682053,0.10773193250355766,23876,1125,2314,2314,445,502,1367,432,432,500.02,drop,p=0,0.0,0
9,full_map,EKF cooperative,4,False,4.099885435389041,2.925404619967322,2.63671406945241,6.888255851160881,7.431620213618369,0.7262790142241082,1.7956753834389854,24524,477,2314,2314,445,502,1367,172,172,500.02,drop,p=0,0.0,0
9,full_map,EKF cooperative,5,False,2.3470716272358305,1.0559347277753257,0.11003048922194315,6.692753180236902,8.404731820667141,0.9865225489797488,1.911711902070214,24559,442,2314,2314,445,502,1367,738,738,500.02,drop,p=0,0.0,0
9,full_map,EKF cooperative,1,False,6.782585855102319,5.565957782458305,5.336925767768933,11.895742557212225,13.006087769881365,1.7782814435478518,10.50923370724284,24559,442,2314,2314,445,502,1367,563,563,500.02,drop,p=0,0.0,1
9,full_map,EKF cooperative,2,False,4.2955486071106925,3.12042319121891,2.2812504211106592,8.433746905381842,9.101287203684388,1.4057268152905613,5.966395223802375,24559,442,2314,2314,445,502,1367,409,409,500.02,drop,p=0,0.0,1
9,full_map,EKF cooperative,3,False,1.0712687741963158,0.5671596858586271,0.10997353288895995,2.6176103289203123,4.564818558512618,0.747885221682053,0.10773193250355766,23876,1125,2314,2314,445,502,1367,432,432,500.02,drop,p=0,0.0,1
9,full_map,EKF cooperative,4,False,4.099885435389041,2.925404619967322,2.63671406945241,6.888255851160881,7.431620213618369,0.7262790142241082,1.7956753834389854,24524,477,2314,2314,445,502,1367,172,172,500.02,drop,p=0,0.0,1
9,full_map,EKF cooperative,5,False,2.3470716272358305,1.0559347277753257,0.11003048922194315,6.692753180236902,8.404731820667141,0.9865225489797488,1.911711902070214,24559,442,2314,2314,445,502,1367,738,738,500.02,drop,p=0,0.0,1
9,full_map,EKF cooperative,1,False,6.782585855102319,5.565957782458305,5.336925767768933,11.895742557212225,13.006087769881365,1.7782814435478518,10.50923370724284,24559,442,2314,2314,445,502,1367,563,563,500.02,drop,p=0,0.0,2
9,full_map,EKF cooperative,2,False,4.2955486071106925,3.12042319121891,2.2812504211106592,8.433746905381842,9.101287203684388,1.4057268152905613,5.966395223802375,24559,442,2314,2314,445,502,1367,409,409,500.02,drop,p=0,0.0,2
9,full_map,EKF cooperative,3,False,1.0712687741963158,0.5671596858586271,0.10997353288895995,2.6176103289203123,4.564818558512618,0.747885221682053,0.10773193250355766,23876,1125,2314,2314,445,502,1367,432,432,500.02,drop,p=0,0.0,2
9,full_map,EKF cooperative,4,False,4.099885435389041,2.925404619967322,2.63671406945241,6.888255851160881,7.431620213618369,0.7262790142241082,1.7956753834389854,24524,477,2314,2314,445,502,1367,172,172,500.02,drop,p=0,0.0,2
9,full_map,EKF cooperative,5,False,2.3470716272358305,1.0559347277753257,0.11003048922194315,6.692753180236902,8.404731820667141,0.9865225489797488,1.911711902070214,24559,442,2314,2314,445,502,1367,738,738,500.02,drop,p=0,0.0,2
9,full_map,EKF cooperative,1,False,6.782585855102319,5.565957782458305,5.336925767768933,11.895742557212225,13.006087769881365,1.7782814435478518,10.50923370724284,24559,442,2314,2314,445,502,1367,563,563,500.02,drop,p=0,0.0,3
9,full_map,EKF cooperative,2,False,4.2955486071106925,3.12042319121891,2.2812504211106592,8.433746905381842,9.101287203684388,1.4057268152905613,5.966395223802375,24559,442,2314,2314,445,502,1367,409,409,500.02,drop,p=0,0.0,3
9,full_map,EKF cooperative,3,False,1.0712687741963158,0.5671596858586271,0.10997353288895995,2.6176103289203123,4.564818558512618,0.747885221682053,0.10773193250355766,23876,1125,2314,2314,445,502,1367,432,432,500.02,drop,p=0,0.0,3
9,full_map,EKF cooperative,4,False,4.099885435389041,2.925404619967322,2.63671406945241,6.888255851160881,7.431620213618369,0.7262790142241082,1.7956753834389854,24524,477,2314,2314,445,502,1367,172,172,500.02,drop,p=0,0.0,3
9,full_map,EKF cooperative,5,False,2.3470716272358305,1.0559347277753257,0.11003048922194315,6.692753180236902,8.404731820667141,0.9865225489797488,1.911711902070214,24559,442,2314,2314,445,502,1367,738,738,500.02,drop,p=0,0.0,3
9,full_map,EKF cooperative,1,False,6.782585855102319,5.565957782458305,5.336925767768933,11.895742557212225,13.006087769881365,1.7782814435478518,10.50923370724284,24559,442,2314,2314,445,502,1367,563,563,500.02,drop,p=0,0.0,4
9,full_map,EKF cooperative,2,False,4.2955486071106925,3.12042319121891,2.2812504211106592,8.433746905381842,9.101287203684388,1.4057268152905613,5.966395223802375,24559,442,2314,2314,445,502,1367,409,409,500.02,drop,p=0,0.0,4
9,full_map,EKF cooperative,3,False,1.0712687741963158,0.5671596858586271,0.10997353288895995,2.6176103289203123,4.564818558512618,0.747885221682053,0.10773193250355766,23876,1125,2314,2314,445,502,1367,432,432,500.02,drop,p=0,0.0,4
9,full_map,EKF cooperative,4,False,4.099885435389041,2.925404619967322,2.63671406945241,6.888255851160881,7.431620213618369,0.7262790142241082,1.7956753834389854,24524,477,2314,2314,445,502,1367,172,172,500.02,drop,p=0,0.0,4
9,full_map,EKF cooperative,5,False,2.3470716272358305,1.0559347277753257,0.11003048922194315,6.692753180236902,8.404731820667141,0.9865225489797488,1.911711902070214,24559,442,2314,2314,445,502,1367,738,738,500.02,drop,p=0,0.0,4
9,full_map,EKF cooperative,1,False,6.834729732105155,5.616703983563944,5.353958959282698,11.911008111036232,13.02030682280425,1.7935908887886811,10.5044380965509,24559,442,1724,2314,361,296,1067,420,563,500.02,drop,p=0.25,0.25,0
9,full_map,EKF cooperative,2,False,1.6212694387265454,0.9344563185211803,0.25122641440668164,4.305527201522513,5.044166382267765,0.8745840455708628,0.25325744157269897,24559,442,1724,2314,361,296,1067,305,409,500.02,drop,p=0.25,0.25,0
9,full_map,EKF cooperative,3,False,1.0673546937469045,0.5620140159591631,0.10890162756641229,2.6194155987059378,4.565857340023435,0.7465220984319749,0.09766245030170675,23876,1125,1724,2314,361,296,1067,328,432,500.02,drop,p=0.25,0.25,0
9,full_map,EKF cooperative,4,False,4.099874090770589,2.9253174436327494,2.636711861599542,6.888244981523295,7.43160652117916,0.7262677343136934,1.7956768957471523,24524,477,1724,2314,361,296,1067,124,172,500.02,drop,p=0.25,0.25,0
9,full_map,EKF cooperative,5,False,2.3506630167732157,1.0576521742630136,0.10939574387041136,6.703623660008817,8.41596995109607,0.9874029592594189,1.916467507025411,24559,442,1724,2314,361,296,1067,547,738,500.02,drop,p=0.25,0.25,0
9,full_map,EKF cooperative,1,False,6.834927567574064,5.617119736493879,5.354379630687964,11.911007869956222,13.020304602345387,1.7935959381520161,10.504438522760045,24559,442,1732,2314,371,289,1072,415,563,500.02,drop,p=0.25,0.25,1
9,full_map,EKF cooperative,2,False,1.6171814951391938,0.932094365519303,0.2535099761999519,4.305532045726725,5.044172173569443,0.881334692039602,0.2532483970228868,24559,442,1732,2314,371,289,1072,297,409,500.02,drop,p=0.25,0.25,1
9,full_map,EKF cooperative,3,False,1.0545525807997476,0.541777031329159,0.10745283233524218,2.6193967485896312,4.565905313349729,0.7399310788155345,0.05534919259501649,23876,1125,1732,2314,371,289,1072,329,432,500.02,drop,p=0.25,0.25,1
9,full_map,EKF cooperative,4,False,4.09994137807573,2.926492123426917,2.6367103401678067,6.888237520206873,7.431597117352967,0.7268281162259055,1.7959362297013892,24524,477,1732,2314,371,289,1072,121,172,500.02,drop,p=0.25,0.25,1
9,full_map,EKF cooperative,5,False,2.3477495510236137,1.051263971804683,0.10831380759096146,6.717853417640776,8.409506529898756,0.984573195912923,1.9167214848718237,24559,442,1732,2314,371,289,1072,570,738,500.02,drop,p=0.25,0.25,1
9,full_map,EKF cooperative,1,False,6.835075506981456,5.617037581325351,5.354712077671605,11.911007686707347,13.020302900548081,1.7936009565562523,10.504438858970206,24559,442,1703,2314,363,332,1008,416,563,500.02,drop,p=0.25,0.25,2
9,full_map,EKF cooperative,2,False,2.3064526965448353,1.3320838745604568,0.31361538396240485,5.807216215573905,7.459213728567718,1.1240587030716853,0.25316021159115176,24559,442,1703,2314,363,332,1008,310,409,500.02,drop,p=0.25,0.25,2
9,full_map,EKF cooperative,3,False,1.066994645496872,0.5628324022054662,0.10931774504952027,2.6147207530535743,4.562225634790331,0.7461112486180926,0.10040637110600965,23876,1125,1703,2314,363,332,1008,319,432,500.02,drop,p=0.25,0.25,2
9,full_map,EKF cooperative,4,False,4.099887902397398,2.9255913243356657,2.6367136141456866,6.888253605957353,7.431617385965261,0.7262673352989292,1.7957603901243055,24524,477,1703,2314,363,332,1008,122,172,500.02,drop,p=0.25,0.25,2
9,full_map,EKF cooperative,5,False,2.3502173957363923,1.0565679540653277,0.1074367280122234,6.698009131251668,8.410260640386962,0.9871588502040369,1.9160158394481948,24559,442,1703,2314,363,332,1008,536,738,500.02,drop,p=0.25,0.25,2
9,full_map,EKF cooperative,1,False,6.83436249300696,5.6164757410602,5.353754982932503,11.911008558114725,13.020310967647996,1.7935822771103245,10.50443728207522,24559,442,1710,2314,375,296,1039,421,563,500.02,drop,p=0.25,0.25,3
9,full_map,EKF cooperative,2,False,1.6209819492834492,0.9350094408147448,0.24781752288852088,4.305526083279863,5.044165035643274,0.8764938668831541,0.2532483924550188,24559,442,1710,2314,375,296,1039,304,409,500.02,drop,p=0.25,0.25,3
9,full_map,EKF cooperative,3,False,1.0534146601487835,0.5416050558659193,0.10741107002337524,2.6141150988035875,4.561581427819633,0.7392337194797095,0.05534587034170212,23876,1125,1710,2314,375,296,1039,316,432,500.02,drop,p=0.25,0.25,3
9,full_map,EKF cooperative,4,False,4.099993883792829,2.9270970609150426,2.636713840259285,6.888254722306095,7.431618791697542,0.7270003010173319,1.7959775711935992,24524,477,1710,2314,375,296,1039,129,172,500.02,drop,p=0.25,0.25,3
9,full_map,EKF cooperative,5,False,2.3501891020958343,1.056700228425388,0.1086454146836685,6.7177729451607995,8.40943105153297,0.9863398681660716,1.9167201360620694,24559,442,1710,2314,375,296,1039,540,738,500.02,drop,p=0.25,0.25,3
9,full_map,EKF cooperative,1,False,6.834194410798348,5.615999816845196,5.353754654351889,11.911008760666194,13.020312826111606,1.7935777734703044,10.504436930017128,24559,442,1752,2314,353,359,1040,425,563,500.02,drop,p=0.25,0.25,4
9,full_map,EKF cooperative,2,False,2.2995391844067767,1.319054306897879,0.31032455410999493,5.807230973951844,7.459243754585765,1.1236966827501471,0.2530078410602056,24559,442,1752,2314,353,359,1040,307,409,500.02,drop,p=0.25,0.25,4
9,full_map,EKF cooperative,3,False,1.0668990008604016,0.5624128946978014,0.10850840334374234,2.6145525262354674,4.562156804409787,0.7460491118863417,0.10040486006741924,23876,1125,1752,2314,353,359,1040,310,432,500.02,drop,p=0.25,0.25,4
9,full_map,EKF cooperative,4,False,4.099979227591959,2.926935021262194,2.6367116981525474,6.888244187098904,7.431605518781399,0.7270183204427337,1.7960526630867872,24524,477,1752,2314,353,359,1040,130,172,500.02,drop,p=0.25,0.25,4
9,full_map,EKF cooperative,5,False,2.3471481100007336,1.0512061319337807,0.1090151929307308,6.6970531601152,8.409300059901827,0.9848419367507826,1.910750906396766,24559,442,1752,2314,353,359,1040,580,738,500.02,drop,p=0.25,0.25,4
9,full_map,EKF cooperative,1,False,6.8327760079717175,5.613033296149088,5.352406271223406,11.911010430684426,13.020328242601924,1.7935386289503423,10.504433942154753,24559,442,1135,2314,253,202,680,282,563,500.02,drop,p=0.5,0.5,0
9,full_map,EKF cooperative,2,False,1.7553002574692254,1.025477405766659,0.25556767830616967,4.520078376786935,5.7545345593359345,0.9603902719955327,0.253007868244838,24559,442,1135,2314,253,202,680,192,409,500.02,drop,p=0.5,0.5,0
9,full_map,EKF cooperative,3,False,1.0713836179756655,0.5666911617641054,0.10949851720450256,2.6187020439353197,4.565477203764046,0.7479943682540626,0.10773198265956525,23876,1125,1135,2314,253,202,680,230,432,500.02,drop,p=0.5,0.5,0
9,full_map,EKF cooperative,4,False,4.09994852522115,2.926531480061775,2.6367112136005364,6.888241806175203,7.43160251874987,0.7268057862174562,1.795853695076261,24524,477,1135,2314,253,202,680,77,172,500.02,drop,p=0.5,0.5,0
9,full_map,EKF cooperative,5,False,2.3540428508307816,1.0588161545598265,0.11004194367667915,6.730241459995439,8.422408351662693,0.9875047046439573,1.9180452021390746,24559,442,1135,2314,253,202,680,354,738,500.02,drop,p=0.5,0.5,0
9,full_map,EKF cooperative,1,False,6.834006454404466,5.615295673393336,5.353570517894135,11.911008955484808,13.02031465567347,1.793570166613633,10.504436554321625,24559,442,1146,2314,250,217,679,262,563,500.02,drop,p=0.5,0.5,1
9,full_map,EKF cooperative,2,False,2.2806667266717113,1.322159935280261,0.31146952807913314,5.764540587121197,7.319423107305727,1.1234108631487412,0.25324612383646483,24559,442,1146,2314,250,217,679,200,409,500.02,drop,p=0.5,0.5,1
9,full_map,EKF cooperative,3,False,1.0677726231157583,0.5627741574720136,0.10949160596142558,2.618540137133014,4.565390575752357,0.7466278335396856,0.10038200106750514,23876,1125,1146,2314,250,217,679,224,432,500.02,drop,p=0.5,0.5,1
9,full_map,EKF cooperative,4,False,4.1000060331275785,2.9273806651286636,2.636707250185057,6.888222476508054,7.431578138997651,0.7273753359280427,1.7961293189223928,24524,477,1146,2314,250,217,679,79,172,500.02,drop,p=0.5,0.5,1
9,full_map,EKF cooperative,5,False,2.3530625493163115,1.0525035135712113,0.1052963549403085,6.765560686299515,8.416159884233293,0.984359217882688,1.9171090131355217,24559,442,1146,2314,250,217,679,381,738,500.02,drop,p=0.5,0.5,1
9,full_map,EKF cooperative,1,False,6.833304709889383,5.613780919379003,5.353140282469599,11.911009792125839,13.02032238406204,1.7935531414745185,10.504435053337177,24559,442,1160,2314,259,229,672,285,563,500.02,drop,p=0.5,0.5,2
9,full_map,EKF cooperative,2,False,2.3018803326884614,1.3298285554087168,0.3147679789609082,5.7982305876429105,7.429821332300746,1.1232569647942598,0.25300508110049197,24559,442,1160,2314,259,229,672,213,409,500.02,drop,p=0.5,0.5,2
9,full_map,EKF cooperative,3,False,1.070287435403792,0.5665162471666483,0.1099033102802779,2.6138432308659674,4.561469941732947,0.7473104887635823,0.10772270259122627,23876,1125,1160,2314,259,229,672,216,432,500.02,drop,p=0.5,0.5,2
9,full_map,EKF cooperative,4,False,4.0998705097530665,2.9255322315752195,2.6367107628108037,6.888239604217599,7.431599742088156,0.7262660854179402,1.7958383356746173,24524,477,1160,2314,259,229,672,74,172,500.02,drop,p=0.5,0.5,2
9,full_map,EKF cooperative,5,False,2.3513886050389945,1.0563613907227256,0.1077582151734616,6.721930566619552,8.413084900595846,0.9866337905839249,1.9170961178515455,24559,442,1160,2314,259,229,672,372,738,500.02,drop,p=0.5,0.5,2
9,full_map,EKF cooperative,1,False,6.784678834160331,5.5668971121178386,5.336435259637127,11.896329782614618,13.005454273104307,1.7790299511974472,10.50966912457945,24559,442,1148,2314,269,243,636,284,563,500.02,drop,p=0.5,0.5,3
9,full_map,EKF cooperative,2,False,4.304537299013384,3.127418722986134,2.3090632941680576,8.381497960505664,9.064561045067897,1.403088015348471,5.949954057643024,24559,442,1148,2314,269,243,636,210,409,500.02,drop,p=0.5,0.5,3
9,full_map,EKF cooperative,3,False,1.0711867933968433,0.5666149297741171,0.10900834023944378,2.61761031365411,4.5648185516891875,0.7478657948476054,0.10772979195750436,23876,1125,1148,2314,269,243,636,201,432,500.02,drop,p=0.5,0.5,3
9,full_map,EKF cooperative,4,False,4.0999705803380815,2.9267421312965585,2.636711200925143,6.888241743018379,7.431602439325988,0.7269997217757227,1.7959770118056217,24524,477,1148,2314,269,243,636,93,172,500.02,drop,p=0.5,0.5,3
9,full_map,EKF cooperative,5,False,2.3571726739624936,1.059973284152699,0.10790244401188134,6.7226751703029395,8.413880080270856,0.9875189791392047,1.9117119020753504,24559,442,1148,2314,269,243,636,360,738,500.02,drop,p=0.5,0.5,3
9,full_map,EKF cooperative,1,False,6.833025170108612,5.6135899651279955,5.352694658923525,11.91101013424363,13.020325518854024,1.7935466767851282,10.504434461628183,24559,442,1178,2314,259,205,714,282,563,500.02,drop,p=0.5,0.5,4
9,full_map,EKF cooperative,2,False,1.742249739622104,1.013864883899877,0.2668654028527715,4.514885620225621,5.716366809589402,0.9544489636990131,0.2529956778708746,24559,442,1178,2314,259,205,714,205,409,500.02,drop,p=0.5,0.5,4
9,full_map,EKF cooperative,3,False,1.071448112283594,0.5665534158771481,0.10884625181347565,2.619186364779809,4.565860737979745,0.7479986192355281,0.10772913989282451,23876,1125,1178,2314,259,205,714,206,432,500.02,drop,p=0.5,0.5,4
9,full_map,EKF cooperative,4,False,4.099955529804157,2.926803444359369,2.6367084367847444,6.888228254220876,7.431585427793471,0.7270199335125835,1.7960519861329531,24524,477,1178,2314,259,205,714,85,172,500.02,drop,p=0.5,0.5,4
9,full_map,EKF cooperative,5,False,2.3520474504362885,1.057210840051819,0.10855495492416949,6.704860894688809,8.417340298383868,0.9873974653878922,1.9111342034550516,24559,442,1178,2314,259,205,714,400,738,500.02,drop,p=0.5,0.5,4
9,full_map,EKF cooperative,1,False,6.829274946632857,5.607634657116363,5.349296960886808,11.911014577639332,13.020366210227804,1.7934527371407387,10.50442677760323,24559,442,576,2314,144,110,322,143,563,500.02,drop,p=0.75,0.75,0
9,full_map,EKF cooperative,2,False,1.7449365552663731,1.023069602132935,0.27017992182299083,4.511145387657707,5.6875586917951155,0.9531760415960936,0.25300510724794245,24559,442,576,2314,144,110,322,98,409,500.02,drop,p=0.75,0.75,0
9,full_map,EKF cooperative,3,False,1.0713372835361938,0.566460804280017,0.10923488250074989,2.6186534204880356,4.565461996525756,0.7479647677752067,0.1077293914961788,23876,1125,576,2314,144,110,322,113,432,500.02,drop,p=0.75,0.75,0
9,full_map,EKF cooperative,4,False,4.1000091521799105,2.9275415752655207,2.636705958520051,6.888216223338034,7.4315702444088325,0.7273702665094889,1.7961288959653299,24524,477,576,2314,144,110,322,38,172,500.02,drop,p=0.75,0.75,0
9,full_map,EKF cooperative,5,False,2.3619902547507188,1.0607627711009517,0.10840819340890064,6.736421152053531,8.428076844352082,0.9881197707141358,1.9182251755173065,24559,442,576,2314,144,110,322,184,738,500.02,drop,p=0.75,0.75,0
9,full_map,EKF cooperative,1,False,6.828924194485637,5.607049638160661,5.349042546252025,11.911014990369067,13.020369946420319,1.793445205014885,10.504426100254285,24559,442,580,2314,126,88,366,135,563,500.02,drop,p=0.75,0.75,1
9,full_map,EKF cooperative,2,False,1.5270932413515488,0.9387275061949714,0.26411503532555214,3.881500265673235,4.8592874349113195,1.0490477566572993,0.2532461237600633,24559,442,580,2314,126,88,366,103,409,500.02,drop,p=0.75,0.75,1
9,full_map,EKF cooperative,3,False,1.0829332425374043,0.5748383547209652,0.10766915997417198,2.6176506871602214,4.5648342808886015,0.7484213334480799,0.08798732962987334,23876,1125,580,2314,126,88,366,114,432,500.02,drop,p=0.75,0.75,1
9,full_map,EKF cooperative,4,False,4.100003773786724,2.9273358062172865,2.636706377899843,6.888218250739369,7.431572804493959,0.7273759610649587,1.7961305190703263,24524,477,580,2314,126,88,366,38,172,500.02,drop,p=0.75,0.75,1
9,full_map,EKF cooperative,5,False,2.3687990818590547,1.0597719719396763,0.10054451432944211,6.821515340233013,8.425837149092265,0.9869078044818732,1.9171090248355525,24559,442,580,2314,126,88,366,190,738,500.02,drop,p=0.75,0.75,1
9,full_map,EKF cooperative,1,False,6.828720577002594,5.607007128859838,5.348895526167294,11.91101522972479,13.02037213754312,1.793439809644136,10.504425685867291,24559,442,583,2314,122,122,339,132,563,500.02,drop,p=0.75,0.75,2
9,full_map,EKF cooperative,2,False,3.059696767576357,1.8555361622998465,0.4011476811780122,7.2476908222600755,7.753688613057118,1.0721248986869536,0.2529956698790851,24559,442,583,2314,122,122,339,114,409,500.02,drop,p=0.75,0.75,2
9,full_map,EKF cooperative,3,False,1.0711746361518901,0.5662685296916091,0.10921864578595983,2.6176103129545982,4.564818551376574,0.7478536704002651,0.10774104069593865,23876,1125,583,2314,122,122,339,105,432,500.02,drop,p=0.75,0.75,2
9,full_map,EKF cooperative,4,False,4.102029256743764,2.945599092310077,2.636708801751444,6.888230032969248,7.43158767146851,0.732580318903301,1.7980196707096536,24524,477,583,2314,122,122,339,36,172,500.02,drop,p=0.75,0.75,2
9,full_map,EKF cooperative,5,False,2.3867337586715034,1.072213842004675,0.09722386972959447,6.836344967926658,8.418744892232166,0.9848186940942152,1.9177471265847854,24559,442,583,2314,122,122,339,196,738,500.02,drop,p=0.75,0.75,2
9,full_map,EKF cooperative,1,False,6.83177605675195,5.611589208181918,5.351565037741317,11.91101161221543,13.020339122271803,1.793518342531378,10.504431849402007,24559,442,577,2314,138,127,312,157,563,500.02,drop,p=0.75,0.75,3
9,full_map,EKF cooperative,2,False,2.55127788083115,1.6160205904361287,0.515637967963875,6.121773531069938,7.703114374057377,1.17415047203418,0.25309846548936593,24559,442,577,2314,138,127,312,98,409,500.02,drop,p=0.75,0.75,3
9,full_map,EKF cooperative,3,False,1.08222730064505,0.5746831977555871,0.10772782965056621,2.614720157284351,4.562085216681805,0.7480184189969389,0.08798576840638256,23876,1125,577,2314,138,127,312,98,432,500.02,drop,p=0.75,0.75,3
9,full_map,EKF cooperative,4,False,4.100167273614516,2.9294898221907366,2.636706820766748,6.888220400444455,7.431575517536679,0.7281169086416572,1.7964477004364787,24524,477,577,2314,138,127,312,43,172,500.02,drop,p=0.75,0.75,3
9,full_map,EKF cooperative,5,False,2.3803406884501346,1.0700309664533678,0.09712337362349366,6.764084880707455,8.413788099972336,0.9854752887212858,1.911711902078241,24559,442,577,2314,138,127,312,181,738,500.02,drop,p=0.75,0.75,3
9,full_map,EKF cooperative,1,False,6.82223243354848,5.5984040262736094,5.343928740456969,11.911022866353797,13.02044047385598,1.7933170940459404,10.504413788313734,24559,442,600,2314,139,112,349,133,563,500.02,drop,p=0.75,0.75,4
9,full_map,EKF cooperative,2,False,1.7464308662793038,1.0204672102523116,0.25629908996019973,4.514904305953732,5.7156385629240525,0.9552884189417492,0.2529956778619103,24559,442,600,2314,139,112,349,105,409,500.02,drop,p=0.75,0.75,4
9,full_map,EKF cooperative,3,False,1.139540216325434,0.623762480001687,0.10874505421109175,2.6986375442876596,4.565236660993841,0.7803033231671426,2.9268402626902987,23876,1125,600,2314,139,112,349,117,432,500.02,drop,p=0.75,0.75,4
9,full_map,EKF cooperative,4,False,4.101504596367004,2.941979561407855,2.636707753702911,6.888224936741415,7.431581241276973,0.7316307646746293,1.797798839869332,24524,477,600,2314,139,112,349,38,172,500.02,drop,p=0.75,0.75,4
9,full_map,EKF cooperative,5,False,2.355855195678179,1.0549847677643895,0.09834103097033782,6.704342191032979,8.415184288719995,0.9877480349702635,1.911134203455321,24559,442,600,2314,139,112,349,207,738,500.02,drop,p=0.75,0.75,4
9,full_map,EKF cooperative,1,False,6.820814487462687,5.596356726331211,5.342528369223957,11.911024468269916,13.020454522124119,1.7932885798578873,10.504411529519134,24559,442,228,2314,63,54,111,50,563,500.02,drop,p=0.9,0.9,0
9,full_map,EKF cooperative,2,False,2.403817768212713,1.4021819217491835,0.3144776107144862,6.093938776440721,7.679181445547776,1.1658178405033441,0.25299569176752607,24559,442,228,2314,63,54,111,40,409,500.02,drop,p=0.9,0.9,0
9,full_map,EKF cooperative,3,False,1.0711157815854901,0.5661960810788117,0.1086347250868238,2.6175683477676785,4.564732590469408,0.747840342633623,0.1077286396459752,23876,1125,228,2314,63,54,111,39,432,500.02,drop,p=0.9,0.9,0
9,full_map,EKF cooperative,4,False,4.100016008288941,2.9276981598673206,2.636705752126323,6.88821522625361,7.431568985245169,0.7273735471046726,1.7961296752880491,24524,477,228,2314,63,54,111,19,172,500.02,drop,p=0.9,0.9,0
9,full_map,EKF cooperative,5,False,2.3833982562438583,1.0705204761868883,0.10153002961292511,6.7409983978444,8.432789374155403,0.987464638275556,1.9117118585415112,24559,442,228,2314,63,54,111,80,738,500.02,drop,p=0.9,0.9,0
9,full_map,EKF cooperative,1,False,6.8212482866817465,5.597076080799679,5.343792745597014,11.911024026635248,13.020450690119956,1.7932722814432198,10.50441211684041,24559,442,243,2314,60,42,141,54,563,500.02,drop,p=0.9,0.9,1
9,full_map,EKF cooperative,2,False,1.693146304802854,1.0201420332391191,0.2946751318742357,4.408171239482225,5.225272560365101,0.9195972469601841,0.2531485361627417,24559,442,243,2314,60,42,141,34,409,500.02,drop,p=0.9,0.9,1
9,full_map,EKF cooperative,3,False,1.082900916647558,0.5746021230571671,0.10700982977898263,2.617610312954561,4.5648185513765585,0.7484027598686742,0.08798731004567728,23876,1125,243,2314,60,42,141,56,432,500.02,drop,p=0.9,0.9,1
9,full_map,EKF cooperative,4,False,4.100000575230226,2.9273666465296437,2.636704963639828,6.88821142055249,7.431564178658855,0.7273717342685942,1.7961292934859625,24524,477,243,2314,60,42,141,19,172,500.02,drop,p=0.9,0.9,1
9,full_map,EKF cooperative,5,False,2.369123904776966,1.057103077696223,0.10073282704901132,6.822927977406888,8.427319817545072,0.9871003724029832,1.911711902070913,24559,442,243,2314,60,42,141,80,738,500.02,drop,p=0.9,0.9,1
9,full_map,EKF cooperative,1,False,6.820724531238367,5.596320104918892,5.342433890935026,11.911024563009265,13.02045535415946,1.793286381516321,10.504411394719057,24559,442,240,2314,60,60,120,54,563,500.02,drop,p=0.9,0.9,2
9,full_map,EKF cooperative,2,False,2.352572858956865,1.3516533419498336,0.2683137183709479,5.9322957761054464,7.477134122794278,1.1554982395184128,0.2529956699363838,24559,442,240,2314,60,60,120,44,409,500.02,drop,p=0.9,0.9,2
9,full_map,EKF cooperative,3,False,1.082912961792655,0.5747591821767466,0.1075996292371319,2.617610312954592,4.56481855137657,0.7484105797197964,0.08798731004567728,23876,1125,240,2314,60,60,120,47,432,500.02,drop,p=0.9,0.9,2
9,full_map,EKF cooperative,4,False,4.101517278129044,2.9421091901272374,2.6367076874380055,6.88822461175166,7.43158083168564,0.7316199884052135,1.7977978016096174,24524,477,240,2314,60,60,120,14,172,500.02,drop,p=0.9,0.9,2
9,full_map,EKF cooperative,5,False,5.792729521803037,4.62015149091457,5.029280139281793,10.589294538703124,11.897935537976753,1.9591960141656501,10.531899045964936,24559,442,240,2314,60,60,120,81,738,500.02,drop,p=0.9,0.9,2
9,full_map,EKF cooperative,1,False,6.82175224631608,5.597970594503846,5.343442226335815,11.911023390308227,13.020445098516655,1.793301167831768,10.50441302398786,24559,442,235,2314,66,62,107,59,563,500.02,drop,p=0.9,0.9,3
9,full_map,EKF cooperative,2,False,2.505983085624991,1.5911993792314674,0.5154664138208724,5.932333713236323,7.477120873125929,1.1674908132279285,0.2529957002687458,24559,442,235,2314,66,62,107,47,409,500.02,drop,p=0.9,0.9,3
9,full_map,EKF cooperative,3,False,1.0828269328550106,0.5745754747577424,0.10720119160986315,2.6171353665569868,4.564580379001497,0.7483462085508307,0.08798714924492523,23876,1125,235,2314,66,62,107,40,432,500.02,drop,p=0.9,0.9,3
9,full_map,EKF cooperative,4,False,4.101494551821471,2.941914520050846,2.63670446820654,6.888209034999912,7.431561164742067,0.7316332408630706,1.797797801610166,24524,477,235,2314,66,62,107,15,172,500.02,drop,p=0.9,0.9,3
9,full_map,EKF cooperative,5,False,5.903188088463578,4.523852326662316,4.412965509867989,12.753914757643942,15.115077417740261,1.8909184457803028,5.086772028182106,24559,442,235,2314,66,62,107,74,738,500.02,drop,p=0.9,0.9,3
9,full_map,EKF cooperative,1,False,6.819758305713182,5.594864818563859,5.341760885534089,11.911025643423034,13.020464764738701,1.7932684402871517,10.504409924494315,24559,442,242,2314,55,46,141,40,563,500.02,drop,p=0.9,0.9,4
9,full_map,EKF cooperative,2,False,2.3679038637168817,1.3825464704385926,0.31036234708570243,5.946881195334096,7.499126186716959,1.1619389573511563,0.2529956763044981,24559,442,242,2314,55,46,141,43,409,500.02,drop,p=0.9,0.9,4
9,full_map,EKF cooperative,3,False,1.0829121607361496,0.5748085424115126,0.10751084773877603,2.6176039773485464,4.564780445669488,0.7484142435884797,0.08798730695710007,23876,1125,242,2314,55,46,141,48,432,500.02,drop,p=0.9,0.9,4
9,full_map,EKF cooperative,4,False,4.101487536705265,2.9417943320571425,2.63670446820654,6.888209034999912,7.431561164742067,0.7316312204893131,1.7977973979204744,24524,477,242,2314,55,46,141,17,172,500.02,drop,p=0.9,0.9,4
9,full_map,EKF cooperative,5,False,2.3785684691069267,1.0654295653991213,0.09830227193378134,6.711068417545013,8.42216258675409,0.9870940894035256,1.9117119020736535,24559,442,242,2314,55,46,141,94,738,500.02,drop,p=0.9,0.9,4
9,full_map,EKF cooperative,1,False,6.818900629334269,5.594052912305612,5.340600811024659,11.911026576793617,13.020472854296305,1.793251992005215,10.504408687706615,24559,442,0,2314,0,0,0,0,563,500.02,drop,p=1,1.0,0
9,full_map,EKF cooperative,2,False,1.7313588255306072,1.0516108341190982,0.29429400784465154,4.364608934160149,5.145453310180772,0.9554058510078821,0.2529956973734485,24559,442,0,2314,0,0,0,0,409,500.02,drop,p=1,1.0,0
9,full_map,EKF cooperative,3,False,1.0829034914043707,0.5746631784112286,0.10707348298308977,2.6176103129545876,4.56481855137657,0.7484016133382707,0.08798731004567728,23876,1125,0,2314,0,0,0,0,432,500.02,drop,p=1,1.0,0
9,full_map,EKF cooperative,4,False,4.101494551821471,2.941914520050846,2.63670446820654,6.888209034999912,7.431561164742067,0.7316332408630706,1.797797801610166,24524,477,0,2314,0,0,0,0,172,500.02,drop,p=1,1.0,0
9,full_map,EKF cooperative,5,False,4.369291370132362,3.5971288016144833,4.145380663652549,6.931067134153911,8.429727979846772,1.481706756259312,3.8717776339134247,24559,442,0,2314,0,0,0,0,738,500.02,drop,p=1,1.0,0
9,full_map,EKF cooperative,1,False,6.818900629334269,5.594052912305612,5.340600811024659,11.911026576793617,13.020472854296305,1.793251992005215,10.504408687706615,24559,442,0,2314,0,0,0,0,563,500.02,drop,p=1,1.0,1
9,full_map,EKF cooperative,2,False,1.7313588255306072,1.0516108341190982,0.29429400784465154,4.364608934160149,5.145453310180772,0.9554058510078821,0.2529956973734485,24559,442,0,2314,0,0,0,0,409,500.02,drop,p=1,1.0,1
9,full_map,EKF cooperative,3,False,1.0829034914043707,0.5746631784112286,0.10707348298308977,2.6176103129545876,4.56481855137657,0.7484016133382707,0.08798731004567728,23876,1125,0,2314,0,0,0,0,432,500.02,drop,p=1,1.0,1
9,full_map,EKF cooperative,4,False,4.101494551821471,2.941914520050846,2.63670446820654,6.888209034999912,7.431561164742067,0.7316332408630706,1.797797801610166,24524,477,0,2314,0,0,0,0,172,500.02,drop,p=1,1.0,1
9,full_map,EKF cooperative,5,False,4.369291370132362,3.5971288016144833,4.145380663652549,6.931067134153911,8.429727979846772,1.481706756259312,3.8717776339134247,24559,442,0,2314,0,0,0,0,738,500.02,drop,p=1,1.0,1
9,full_map,EKF cooperative,1,False,6.818900629334269,5.594052912305612,5.340600811024659,11.911026576793617,13.020472854296305,1.793251992005215,10.504408687706615,24559,442,0,2314,0,0,0,0,563,500.02,drop,p=1,1.0,2
9,full_map,EKF cooperative,2,False,1.7313588255306072,1.0516108341190982,0.29429400784465154,4.364608934160149,5.145453310180772,0.9554058510078821,0.2529956973734485,24559,442,0,2314,0,0,0,0,409,500.02,drop,p=1,1.0,2
9,full_map,EKF cooperative,3,False,1.0829034914043707,0.5746631784112286,0.10707348298308977,2.6176103129545876,4.56481855137657,0.7484016133382707,0.08798731004567728,23876,1125,0,2314,0,0,0,0,432,500.02,drop,p=1,1.0,2
9,full_map,EKF cooperative,4,False,4.101494551821471,2.941914520050846,2.63670446820654,6.888209034999912,7.431561164742067,0.7316332408630706,1.797797801610166,24524,477,0,2314,0,0,0,0,172,500.02,drop,p=1,1.0,2
9,full_map,EKF cooperative,5,False,4.369291370132362,3.5971288016144833,4.145380663652549,6.931067134153911,8.429727979846772,1.481706756259312,3.8717776339134247,24559,442,0,2314,0,0,0,0,738,500.02,drop,p=1,1.0,2
9,full_map,EKF cooperative,1,False,6.818900629334269,5.594052912305612,5.340600811024659,11.911026576793617,13.020472854296305,1.793251992005215,10.504408687706615,24559,442,0,2314,0,0,0,0,563,500.02,drop,p=1,1.0,3
9,full_map,EKF cooperative,2,False,1.7313588255306072,1.0516108341190982,0.29429400784465154,4.364608934160149,5.145453310180772,0.9554058510078821,0.2529956973734485,24559,442,0,2314,0,0,0,0,409,500.02,drop,p=1,1.0,3
9,full_map,EKF cooperative,3,False,1.0829034914043707,0.5746631784112286,0.10707348298308977,2.6176103129545876,4.56481855137657,0.7484016133382707,0.08798731004567728,23876,1125,0,2314,0,0,0,0,432,500.02,drop,p=1,1.0,3
9,full_map,EKF cooperative,4,False,4.101494551821471,2.941914520050846,2.63670446820654,6.888209034999912,7.431561164742067,0.7316332408630706,1.797797801610166,24524,477,0,2314,0,0,0,0,172,500.02,drop,p=1,1.0,3
9,full_map,EKF cooperative,5,False,4.369291370132362,3.5971288016144833,4.145380663652549,6.931067134153911,8.429727979846772,1.481706756259312,3.8717776339134247,24559,442,0,2314,0,0,0,0,738,500.02,drop,p=1,1.0,3
9,full_map,EKF cooperative,1,False,6.818900629334269,5.594052912305612,5.340600811024659,11.911026576793617,13.020472854296305,1.793251992005215,10.504408687706615,24559,442,0,2314,0,0,0,0,563,500.02,drop,p=1,1.0,4
9,full_map,EKF cooperative,2,False,1.7313588255306072,1.0516108341190982,0.29429400784465154,4.364608934160149,5.145453310180772,0.9554058510078821,0.2529956973734485,24559,442,0,2314,0,0,0,0,409,500.02,drop,p=1,1.0,4
9,full_map,EKF cooperative,3,False,1.0829034914043707,0.5746631784112286,0.10707348298308977,2.6176103129545876,4.56481855137657,0.7484016133382707,0.08798731004567728,23876,1125,0,2314,0,0,0,0,432,500.02,drop,p=1,1.0,4
9,full_map,EKF cooperative,4,False,4.101494551821471,2.941914520050846,2.63670446820654,6.888209034999912,7.431561164742067,0.7316332408630706,1.797797801610166,24524,477,0,2314,0,0,0,0,172,500.02,drop,p=1,1.0,4
9,full_map,EKF cooperative,5,False,4.369291370132362,3.5971288016144833,4.145380663652549,6.931067134153911,8.429727979846772,1.481706756259312,3.8717776339134247,24559,442,0,2314,0,0,0,0,738,500.02,drop,p=1,1.0,4
9,map_blind,EKF cooperative,1,False,6.54247021746825,5.3773143855771846,5.275767548338482,11.698396470544765,13.019419591475046,1.7399498885295603,9.35414029411948,24559,442,2314,2314,530,251,1533,563,563,500.02,drop,p=0,0.0,0
9,map_blind,EKF cooperative,2,False,3.4643319419142413,2.015087679607604,0.32787551765519,7.98628076001252,9.169431066051292,0.968421699255476,0.2529956691403126,24559,442,2314,2314,530,251,1533,409,409,500.02,drop,p=0,0.0,0
9,map_blind,EKF cooperative,3,True,6.612723855246219,4.974659071879641,3.4494199973588797,13.655525961342128,14.184696949044667,1.5922420896638658,3.292721009170082,23876,1125,2314,2314,530,251,1533,432,432,500.02,drop,p=0,0.0,0
9,map_blind,EKF cooperative,4,True,7.289961968927472,5.914181600786559,5.3931021522078755,12.41802423838607,13.153052668781086,1.843472977104766,8.965111318324317,24524,477,2314,2314,530,251,1533,172,172,500.02,drop,p=0,0.0,0
9,map_blind,EKF cooperative,5,True,3.1389532122232255,2.3188936779793146,1.874953741084374,6.424050277326278,7.955949436407307,1.3196611331205947,1.9493252529519935,24559,442,2314,2314,530,251,1533,738,738,500.02,drop,p=0,0.0,0
9,map_blind,EKF cooperative,1,False,6.54247021746825,5.3773143855771846,5.275767548338482,11.698396470544765,13.019419591475046,1.7399498885295603,9.35414029411948,24559,442,2314,2314,530,251,1533,563,563,500.02,drop,p=0,0.0,1
9,map_blind,EKF cooperative,2,False,3.4643319419142413,2.015087679607604,0.32787551765519,7.98628076001252,9.169431066051292,0.968421699255476,0.2529956691403126,24559,442,2314,2314,530,251,1533,409,409,500.02,drop,p=0,0.0,1
9,map_blind,EKF cooperative,3,True,6.612723855246219,4.974659071879641,3.4494199973588797,13.655525961342128,14.184696949044667,1.5922420896638658,3.292721009170082,23876,1125,2314,2314,530,251,1533,432,432,500.02,drop,p=0,0.0,1
9,map_blind,EKF cooperative,4,True,7.289961968927472,5.914181600786559,5.3931021522078755,12.41802423838607,13.153052668781086,1.843472977104766,8.965111318324317,24524,477,2314,2314,530,251,1533,172,172,500.02,drop,p=0,0.0,1
9,map_blind,EKF cooperative,5,True,3.1389532122232255,2.3188936779793146,1.874953741084374,6.424050277326278,7.955949436407307,1.3196611331205947,1.9493252529519935,24559,442,2314,2314,530,251,1533,738,738,500.02,drop,p=0,0.0,1
9,map_blind,EKF cooperative,1,False,6.54247021746825,5.3773143855771846,5.275767548338482,11.698396470544765,13.019419591475046,1.7399498885295603,9.35414029411948,24559,442,2314,2314,530,251,1533,563,563,500.02,drop,p=0,0.0,2
9,map_blind,EKF cooperative,2,False,3.4643319419142413,2.015087679607604,0.32787551765519,7.98628076001252,9.169431066051292,0.968421699255476,0.2529956691403126,24559,442,2314,2314,530,251,1533,409,409,500.02,drop,p=0,0.0,2
9,map_blind,EKF cooperative,3,True,6.612723855246219,4.974659071879641,3.4494199973588797,13.655525961342128,14.184696949044667,1.5922420896638658,3.292721009170082,23876,1125,2314,2314,530,251,1533,432,432,500.02,drop,p=0,0.0,2
9,map_blind,EKF cooperative,4,True,7.289961968927472,5.914181600786559,5.3931021522078755,12.41802423838607,13.153052668781086,1.843472977104766,8.965111318324317,24524,477,2314,2314,530,251,1533,172,172,500.02,drop,p=0,0.0,2
9,map_blind,EKF cooperative,5,True,3.1389532122232255,2.3188936779793146,1.874953741084374,6.424050277326278,7.955949436407307,1.3196611331205947,1.9493252529519935,24559,442,2314,2314,530,251,1533,738,738,500.02,drop,p=0,0.0,2
9,map_blind,EKF cooperative,1,False,6.54247021746825,5.3773143855771846,5.275767548338482,11.698396470544765,13.019419591475046,1.7399498885295603,9.35414029411948,24559,442,2314,2314,530,251,1533,563,563,500.02,drop,p=0,0.0,3
9,map_blind,EKF cooperative,2,False,3.4643319419142413,2.015087679607604,0.32787551765519,7.98628076001252,9.169431066051292,0.968421699255476,0.2529956691403126,24559,442,2314,2314,530,251,1533,409,409,500.02,drop,p=0,0.0,3
9,map_blind,EKF cooperative,3,True,6.612723855246219,4.974659071879641,3.4494199973588797,13.655525961342128,14.184696949044667,1.5922420896638658,3.292721009170082,23876,1125,2314,2314,530,251,1533,432,432,500.02,drop,p=0,0.0,3
9,map_blind,EKF cooperative,4,True,7.289961968927472,5.914181600786559,5.3931021522078755,12.41802423838607,13.153052668781086,1.843472977104766,8.965111318324317,24524,477,2314,2314,530,251,1533,172,172,500.02,drop,p=0,0.0,3
9,map_blind,EKF cooperative,5,True,3.1389532122232255,2.3188936779793146,1.874953741084374,6.424050277326278,7.955949436407307,1.3196611331205947,1.9493252529519935,24559,442,2314,2314,530,251,1533,738,738,500.02,drop,p=0,0.0,3
9,map_blind,EKF cooperative,1,False,6.54247021746825,5.3773143855771846,5.275767548338482,11.698396470544765,13.019419591475046,1.7399498885295603,9.35414029411948,24559,442,2314,2314,530,251,1533,563,563,500.02,drop,p=0,0.0,4
9,map_blind,EKF cooperative,2,False,3.4643319419142413,2.015087679607604,0.32787551765519,7.98628076001252,9.169431066051292,0.968421699255476,0.2529956691403126,24559,442,2314,2314,530,251,1533,409,409,500.02,drop,p=0,0.0,4
9,map_blind,EKF cooperative,3,True,6.612723855246219,4.974659071879641,3.4494199973588797,13.655525961342128,14.184696949044667,1.5922420896638658,3.292721009170082,23876,1125,2314,2314,530,251,1533,432,432,500.02,drop,p=0,0.0,4
9,map_blind,EKF cooperative,4,True,7.289961968927472,5.914181600786559,5.3931021522078755,12.41802423838607,13.153052668781086,1.843472977104766,8.965111318324317,24524,477,2314,2314,530,251,1533,172,172,500.02,drop,p=0,0.0,4
9,map_blind,EKF cooperative,5,True,3.1389532122232255,2.3188936779793146,1.874953741084374,6.424050277326278,7.955949436407307,1.3196611331205947,1.9493252529519935,24559,442,2314,2314,530,251,1533,738,738,500.02,drop,p=0,0.0,4
9,map_blind,EKF cooperative,1,False,6.823133614203661,5.604769928731863,5.349144178726063,11.90789668043834,13.019253526635751,1.7968053903893062,10.50437874494817,24559,442,1724,2314,427,216,1081,420,563,500.02,drop,p=0.25,0.25,0
9,map_blind,EKF cooperative,2,False,3.4547157748442014,2.12334155499627,0.6828249648655588,7.755588050022779,8.92822576393383,0.9949799702908574,0.25299522751830184,24559,442,1724,2314,427,216,1081,305,409,500.02,drop,p=0.25,0.25,0
9,map_blind,EKF cooperative,3,True,6.911020032072838,5.197912102757018,3.6340807329766927,14.002780984711741,15.26613111595488,1.5283087886468059,5.353071602583963,23876,1125,1724,2314,427,216,1081,328,432,500.02,drop,p=0.25,0.25,0
9,map_blind,EKF cooperative,4,True,8.65628369105904,7.280936593135193,7.468975448725163,14.247328172043112,15.666201494861877,2.0093161508477695,12.76913616845642,24524,477,1724,2314,427,216,1081,124,172,500.02,drop,p=0.25,0.25,0
9,map_blind,EKF cooperative,5,True,5.87965578725895,4.090427990068802,2.7072534063968208,14.478987474284194,16.76363846255234,1.8481626596200313,3.747733505684412,24559,442,1724,2314,427,216,1081,547,738,500.02,drop,p=0.25,0.25,0
9,map_blind,EKF cooperative,1,False,6.831326082208844,5.612825561169967,5.351065027361838,11.909779710302995,13.019876764624515,1.7975087735326079,10.504302780303219,24559,442,1732,2314,428,233,1071,415,563,500.02,drop,p=0.25,0.25,1
9,map_blind,EKF cooperative,2,False,3.46273948769013,2.054218506426178,0.4646401499780168,8.0368282158802,9.220138084618526,0.9902440300372397,0.25299561571163154,24559,442,1732,2314,428,233,1071,297,409,500.02,drop,p=0.25,0.25,1
9,map_blind,EKF cooperative,3,True,5.867223607014944,4.488187784293785,3.5163743348065566,12.37424975786234,13.451532446763476,1.562147181212162,5.821733624293711,23876,1125,1732,2314,428,233,1071,329,432,500.02,drop,p=0.25,0.25,1
9,map_blind,EKF cooperative,4,True,7.308989464695913,5.9503156486986954,5.303701092868303,12.435665452928633,13.20067547203573,1.8962923956151114,10.253314591908138,24524,477,1732,2314,428,233,1071,121,172,500.02,drop,p=0.25,0.25,1
9,map_blind,EKF cooperative,5,True,5.2598012440064466,3.6200698188620066,2.636132645133945,9.179045710264235,21.652567851995215,1.631433109784315,21.652567851995215,24559,442,1732,2314,428,233,1071,570,738,500.02,drop,p=0.25,0.25,1
9,map_blind,EKF cooperative,1,False,6.203122653701236,5.194077748883789,5.3240707111708305,10.138583873052395,11.22327192484768,1.7917142114782663,4.735533684804345,24559,442,1703,2314,449,270,984,416,563,500.02,drop,p=0.25,0.25,2
9,map_blind,EKF cooperative,2,False,4.665042982775211,3.3034224090638302,1.7956084569547888,9.687039565864314,11.113376498909812,1.6476899990075977,4.195369928000405,24559,442,1703,2314,449,270,984,310,409,500.02,drop,p=0.25,0.25,2
9,map_blind,EKF cooperative,3,True,5.33822602923609,4.170633683867059,3.340854324407994,11.157910536944254,13.672206502415058,1.4685323577595686,2.697783368128076,23876,1125,1703,2314,449,270,984,319,432,500.02,drop,p=0.25,0.25,2
9,map_blind,EKF cooperative,4,True,7.420839758364888,6.24397448571298,6.154320196473915,12.436557125889486,13.139598474729544,2.0023876901628,6.643002849058253,24524,477,1703,2314,449,270,984,122,172,500.02,drop,p=0.25,0.25,2
9,map_blind,EKF cooperative,5,True,5.499724584694611,4.245003151514623,4.058078956904191,11.168462751947024,14.234806925762197,1.607098345469005,4.2465051601951425,24559,442,1703,2314,449,270,984,536,738,500.02,drop,p=0.25,0.25,2
9,map_blind,EKF cooperative,1,False,6.49892429788812,5.379406475307923,5.313831563861644,10.988179575317723,11.743621812669325,1.7598046318939837,10.461396018763502,24559,442,1710,2314,477,195,1038,421,563,500.02,drop,p=0.25,0.25,3
9,map_blind,EKF cooperative,2,False,4.742047208270781,3.1979514106113345,1.7098529985649324,9.804417176215848,11.05137262391054,1.399704604078137,0.25713159936462154,24559,442,1710,2314,477,195,1038,304,409,500.02,drop,p=0.25,0.25,3
9,map_blind,EKF cooperative,3,True,5.786054883967759,4.46929692838279,3.554339269048939,11.870566515194055,14.20387128218122,1.6163422549439668,5.900779128862848,23876,1125,1710,2314,477,195,1038,316,432,500.02,drop,p=0.25,0.25,3
9,map_blind,EKF cooperative,4,True,7.626803383498558,6.378643460260634,5.716182210054237,13.092547596608782,14.771944738667623,1.7999690712864052,6.714996432345418,24524,477,1710,2314,477,195,1038,129,172,500.02,drop,p=0.25,0.25,3
9,map_blind,EKF cooperative,5,True,4.1643447865909256,3.291050683195296,3.507358351924329,7.690583786934067,8.739639248838762,1.8464630283796097,3.5575231844275033,24559,442,1710,2314,477,195,1038,540,738,500.02,drop,p=0.25,0.25,3
9,map_blind,EKF cooperative,1,False,4.9324689719679204,3.894861873103118,4.094140469460207,9.934354077754149,11.221952761090018,1.6744455723204728,3.471451462559132,24559,442,1752,2314,481,224,1047,425,563,500.02,drop,p=0.25,0.25,4
9,map_blind,EKF cooperative,2,False,3.704091917535513,2.1603901776395453,0.43782813039952306,8.585050889364721,10.602740798621076,1.2616987355065716,0.2529864858828231,24559,442,1752,2314,481,224,1047,307,409,500.02,drop,p=0.25,0.25,4
9,map_blind,EKF cooperative,3,True,5.198027369557114,3.7694307942914924,2.883259100499899,11.441277978897133,13.392869150398553,1.5452057975571347,1.7487182965927004,23876,1125,1752,2314,481,224,1047,310,432,500.02,drop,p=0.25,0.25,4
9,map_blind,EKF cooperative,4,True,6.970260371691447,5.5915391020274345,4.641555575289832,12.436799885624996,13.128673287109645,2.045698860934769,4.918117723028068,24524,477,1752,2314,481,224,1047,130,172,500.02,drop,p=0.25,0.25,4
9,map_blind,EKF cooperative,5,True,3.988976289098332,3.0471432219620103,2.5712148468103293,7.920029019139654,10.476338593762476,1.3706657091348369,2.9862751351446652,24559,442,1752,2314,481,224,1047,580,738,500.02,drop,p=0.25,0.25,4
9,map_blind,EKF cooperative,1,False,6.81513548562633,5.59725868438145,5.349119479850667,11.909147821718731,13.018127704327595,1.7949707379650057,10.50518214019925,24559,442,1135,2314,350,178,607,282,563,500.02,drop,p=0.5,0.5,0
9,map_blind,EKF cooperative,2,False,4.701230247250979,3.329389740656062,1.7627469648631326,9.715974518526538,11.237094038117405,1.6705024108125577,4.1904639791909934,24559,442,1135,2314,350,178,607,192,409,500.02,drop,p=0.5,0.5,0
9,map_blind,EKF cooperative,3,True,5.873427234351314,4.503132372343203,3.3651784308196566,12.196193196941955,14.244093089372344,1.5216410090361765,2.6466056562693443,23876,1125,1135,2314,350,178,607,230,432,500.02,drop,p=0.5,0.5,0
9,map_blind,EKF cooperative,4,True,8.495938079337515,7.092936505156484,7.439807511077131,14.108086242674865,15.235311501142723,2.0439112865714364,12.831648810318043,24524,477,1135,2314,350,178,607,77,172,500.02,drop,p=0.5,0.5,0
9,map_blind,EKF cooperative,5,True,4.365519810833176,3.3666179287328286,2.757590581220966,7.980737915106086,9.983842847581428,1.6365725283483994,4.593740087784585,24559,442,1135,2314,350,178,607,354,738,500.02,drop,p=0.5,0.5,0
9,map_blind,EKF cooperative,1,False,5.044265741962489,4.1927782625565815,4.607138239960661,9.168579953109784,10.045570653643178,1.6539282662945216,1.3023652891262976,24559,442,1146,2314,354,169,623,262,563,500.02,drop,p=0.5,0.5,1
9,map_blind,EKF cooperative,2,False,3.153619621967147,1.7811805019355325,0.31122378484374935,7.448515562411063,8.622058026224687,1.0615055766666661,0.25299569736710126,24559,442,1146,2314,354,169,623,200,409,500.02,drop,p=0.5,0.5,1
9,map_blind,EKF cooperative,3,True,5.935171007452122,4.637046849117604,3.7159037340758525,11.958822832808163,13.334276952060732,1.6513155223995652,1.3215331062744156,23876,1125,1146,2314,354,169,623,224,432,500.02,drop,p=0.5,0.5,1
9,map_blind,EKF cooperative,4,True,7.140262796339372,5.97522949412013,6.506583238048626,11.949955080370355,13.009887142033246,1.7464301939127551,9.512038139860994,24524,477,1146,2314,354,169,623,79,172,500.02,drop,p=0.5,0.5,1
9,map_blind,EKF cooperative,5,True,6.283949602404968,4.549328532690329,3.7256324475497924,13.41967355196089,15.335351658532788,1.5197741280700359,11.534397591354281,24559,442,1146,2314,354,169,623,381,738,500.02,drop,p=0.5,0.5,1
9,map_blind,EKF cooperative,1,False,6.832528482912194,5.6126981542676315,5.352357524609395,11.91101071132039,13.020330870999723,1.7935285452974876,10.504433406362189,24559,442,1160,2314,323,179,658,285,563,500.02,drop,p=0.5,0.5,2
9,map_blind,EKF cooperative,2,False,2.312865394796509,1.3482010721189213,0.31654760620949957,5.798144545591747,7.429759314099828,1.1311980916478184,0.252995697373425,24559,442,1160,2314,323,179,658,213,409,500.02,drop,p=0.5,0.5,2
9,map_blind,EKF cooperative,3,True,6.356922976048986,5.035962906544615,3.929531467335808,12.991789982327209,14.460785219494719,1.5054382711621601,4.451241917976494,23876,1125,1160,2314,323,179,658,216,432,500.02,drop,p=0.5,0.5,2
9,map_blind,EKF cooperative,4,True,7.912364312648344,6.624678348377167,6.500363347611226,12.788711780179806,13.835879915607668,2.098799008299779,12.15163626572517,24524,477,1160,2314,323,179,658,74,172,500.02,drop,p=0.5,0.5,2
9,map_blind,EKF cooperative,5,True,5.506274577186397,4.055709763973527,3.368191084412003,12.452169528297679,15.512831397212398,1.6409256492406024,3.6079874283961773,24559,442,1160,2314,323,179,658,372,738,500.02,drop,p=0.5,0.5,2
9,map_blind,EKF cooperative,1,False,4.918806132254403,3.8701183832067643,3.9575698128257772,9.928491585111903,11.21564324625916,1.6577850378029757,3.47396937626588,24559,442,1148,2314,366,192,590,284,563,500.02,drop,p=0.5,0.5,3
9,map_blind,EKF cooperative,2,False,4.6677030824062165,3.293332468689641,1.7215367326057553,9.63394231004384,11.195965411360763,1.6284441837135533,4.058172366949723,24559,442,1148,2314,366,192,590,210,409,500.02,drop,p=0.5,0.5,3
9,map_blind,EKF cooperative,3,True,5.901542330992719,4.494299014252379,3.2059651258064914,11.844262433131606,13.819066704510712,1.5604552525509077,4.728171125271577,23876,1125,1148,2314,366,192,590,201,432,500.02,drop,p=0.5,0.5,3
9,map_blind,EKF cooperative,4,True,7.360807158062453,5.817603081520571,5.007722471749063,13.12327846002155,14.813552729832912,1.9023440876850048,4.694332655082394,24524,477,1148,2314,366,192,590,93,172,500.02,drop,p=0.5,0.5,3
9,map_blind,EKF cooperative,5,True,3.397721019487372,2.539131452638126,2.278470051039871,7.195009674665129,8.190530578891627,1.5471027341683694,3.2025659211852164,24559,442,1148,2314,366,192,590,360,738,500.02,drop,p=0.5,0.5,3
9,map_blind,EKF cooperative,1,False,5.275319017173377,4.339314857874049,4.63368790491748,9.927089904730012,11.214180651792907,1.6748082367712784,1.3065730150157147,24559,442,1178,2314,393,187,598,282,563,500.02,drop,p=0.5,0.5,4
9,map_blind,EKF cooperative,2,False,3.4112350619595477,1.9351168042032456,0.3137066196831503,8.0404178408557,9.21793542665647,1.0663795493932002,0.2529956973699686,24559,442,1178,2314,393,187,598,205,409,500.02,drop,p=0.5,0.5,4
9,map_blind,EKF cooperative,3,True,6.475423887532271,4.962019949098461,3.3930277732471055,12.547075818493102,13.655312341602754,1.5146426417084475,6.709292581058223,23876,1125,1178,2314,393,187,598,206,432,500.02,drop,p=0.5,0.5,4
9,map_blind,EKF cooperative,4,True,6.6695989417265835,5.016628876256112,3.5185016531315347,12.458804022610606,13.11139579016971,1.8251014127869893,1.5744989223919408,24524,477,1178,2314,393,187,598,85,172,500.02,drop,p=0.5,0.5,4
9,map_blind,EKF cooperative,5,True,3.635994067085785,2.802957954501246,2.4376860117415835,7.2737613607710125,7.94123368615268,1.93055475689213,3.0116504389929193,24559,442,1178,2314,393,187,598,400,738,500.02,drop,p=0.5,0.5,4
9,map_blind,EKF cooperative,1,False,6.611517832577327,5.45173851230925,5.355260255756171,11.870214151665502,12.926478071077552,1.732514329849941,10.552116861973252,24559,442,576,2314,244,68,264,143,563,500.02,drop,p=0.75,0.75,0
9,map_blind,EKF cooperative,2,False,1.7299257918384014,1.099161879568953,0.42160867265806073,4.424401479578505,5.24476043980422,0.925588829829631,0.25299557692574964,24559,442,576,2314,244,68,264,98,409,500.02,drop,p=0.75,0.75,0
9,map_blind,EKF cooperative,3,True,5.820352745897372,4.5270882469834985,3.888798075815965,11.634513453238187,13.338569458416393,1.5505416574991775,4.259867803578972,23876,1125,576,2314,244,68,264,113,432,500.02,drop,p=0.75,0.75,0
9,map_blind,EKF cooperative,4,True,8.26064486551977,7.236748962491935,8.395854962709091,12.73492400531223,14.602345552775246,1.4788904340926419,12.4385443609308,24524,477,576,2314,244,68,264,38,172,500.02,drop,p=0.75,0.75,0
9,map_blind,EKF cooperative,5,True,4.977710855811983,3.6284090711664923,2.973349551369007,11.614454846072167,12.829226594035175,1.500488433942189,3.903665944934542,24559,442,576,2314,244,68,264,184,738,500.02,drop,p=0.75,0.75,0
9,map_blind,EKF cooperative,1,False,6.8276163308237505,5.605322672381584,5.347746720071305,11.91101651318008,13.02038376394334,1.793411278561994,10.504423569871257,24559,442,580,2314,245,53,282,135,563,500.02,drop,p=0.75,0.75,1
9,map_blind,EKF cooperative,2,False,2.353455663226834,1.516176804660149,0.6186468926661737,5.664610815278432,6.742205493136931,1.0628043410690204,0.25299341810720855,24559,442,580,2314,245,53,282,103,409,500.02,drop,p=0.75,0.75,1
9,map_blind,EKF cooperative,3,True,6.2564380384916785,4.659641749996067,2.8918932461392015,12.833603733164495,14.345180531512524,1.5077796161959798,5.6774002396366035,23876,1125,580,2314,245,53,282,114,432,500.02,drop,p=0.75,0.75,1
9,map_blind,EKF cooperative,4,True,7.316290363619435,5.933427165148746,5.630395005625283,13.084078543070737,14.095144091288217,1.7713008440006464,9.279278406221993,24524,477,580,2314,245,53,282,38,172,500.02,drop,p=0.75,0.75,1
9,map_blind,EKF cooperative,5,True,3.1215674287768533,2.3100640000307524,1.6967249897511099,6.431534116696397,7.993901513511944,1.3395718625046678,1.7554658962645375,24559,442,580,2314,245,53,282,190,738,500.02,drop,p=0.75,0.75,1
9,map_blind,EKF cooperative,1,False,6.82815460271714,5.606221005708755,5.349150912316827,11.91101593669579,13.020378620629488,1.793397891594842,10.50442445140279,24559,442,583,2314,227,95,261,132,563,500.02,drop,p=0.75,0.75,2
9,map_blind,EKF cooperative,2,False,4.69067565580533,3.3104768874289436,1.9547645949771073,10.010948505310298,11.531910230285225,1.6772458662688177,4.189113923833905,24559,442,583,2314,227,95,261,114,409,500.02,drop,p=0.75,0.75,2
9,map_blind,EKF cooperative,3,True,5.454932867681596,4.18227725332337,3.130656183852433,11.474843692783878,14.074884336214112,1.5377642526960922,4.405318040912871,23876,1125,583,2314,227,95,261,105,432,500.02,drop,p=0.75,0.75,2
9,map_blind,EKF cooperative,4,True,8.348727670899702,6.978523997450731,6.961025861221504,13.7183258953283,14.808320276411346,2.0019842082850947,12.446327549441666,24524,477,583,2314,227,95,261,36,172,500.02,drop,p=0.75,0.75,2
9,map_blind,EKF cooperative,5,True,4.305723936482564,3.3399556453260644,2.7921061371454323,8.101596258060432,9.25410614494326,1.7160243967312339,5.003435344582597,24559,442,583,2314,227,95,261,196,738,500.02,drop,p=0.75,0.75,2
9,map_blind,EKF cooperative,1,False,6.829177917301901,5.607729044203999,5.349178903663825,11.911014685725469,13.02036720156974,1.7934460818718303,10.50442658890672,24559,442,577,2314,224,91,262,157,563,500.02,drop,p=0.75,0.75,3
9,map_blind,EKF cooperative,2,False,2.569804599068039,1.6506908669271414,0.8004285544540967,6.1225483319348655,7.703849840112609,1.1758180640654727,0.2529939036550934,24559,442,577,2314,224,91,262,98,409,500.02,drop,p=0.75,0.75,3
9,map_blind,EKF cooperative,3,True,6.839063637926006,5.398890203289695,4.24945558014905,13.828705935350449,15.279240984383868,1.5725725164991293,5.854040020208307,23876,1125,577,2314,224,91,262,98,432,500.02,drop,p=0.75,0.75,3
9,map_blind,EKF cooperative,4,True,8.411338009243641,7.0430654588643575,7.139982570865573,13.764245161840922,14.8707844528169,1.9753241271119193,12.15663785933441,24524,477,577,2314,224,91,262,43,172,500.02,drop,p=0.75,0.75,3
9,map_blind,EKF cooperative,5,True,6.095459391281222,4.502080874697069,3.7162089945595715,12.760477504430304,13.003848566296163,1.2916342878760858,11.427153375158408,24559,442,577,2314,224,91,262,181,738,500.02,drop,p=0.75,0.75,3
9,map_blind,EKF cooperative,1,False,6.821808086005258,5.5976983259870385,5.344233930744739,11.911023385314717,13.020445063986998,1.7932787146278995,10.504413022901623,24559,442,600,2314,259,66,275,133,563,500.02,drop,p=0.75,0.75,4
9,map_blind,EKF cooperative,2,False,2.2930745452475487,1.4785064625938498,0.43496886113383226,5.550446231860172,6.61237596036645,1.0468376578730976,0.25299569340361444,24559,442,600,2314,259,66,275,105,409,500.02,drop,p=0.75,0.75,4
9,map_blind,EKF cooperative,3,True,5.407350469432867,4.065775476165609,2.977715334083725,11.294186333036563,13.317997902623894,1.5288283971933014,2.220262186694571,23876,1125,600,2314,259,66,275,117,432,500.02,drop,p=0.75,0.75,4
9,map_blind,EKF cooperative,4,True,7.62419272089225,6.380969088674844,5.861337431648196,13.069240265393908,13.929833845393743,1.9375077174708806,10.74991749825155,24524,477,600,2314,259,66,275,38,172,500.02,drop,p=0.75,0.75,4
9,map_blind,EKF cooperative,5,True,5.129600152814243,3.823199514065254,3.5668911173919495,11.264884431441118,13.879744296641624,1.5121493636393908,5.195134697479131,24559,442,600,2314,259,66,275,207,738,500.02,drop,p=0.75,0.75,4
9,map_blind,EKF cooperative,1,False,6.82052099933927,5.596025823976816,5.342350888821091,11.911024782686004,13.02045727620357,1.7932803168224618,10.504411088415646,24559,442,228,2314,110,45,73,50,563,500.02,drop,p=0.9,0.9,0
9,map_blind,EKF cooperative,2,False,2.4039824955288385,1.404364930335329,0.31116253719713693,6.093967386530648,7.67921239329176,1.1687694821275194,0.2529956973734176,24559,442,228,2314,110,45,73,40,409,500.02,drop,p=0.9,0.9,0
9,map_blind,EKF cooperative,3,True,6.887938016682445,5.552253093831455,5.951525110762311,11.490050716422685,12.653736022318325,1.7051115618446615,3.7791064398554006,23876,1125,228,2314,110,45,73,39,432,500.02,drop,p=0.9,0.9,0
9,map_blind,EKF cooperative,4,True,7.654159496126066,6.313246297611496,6.689115405020834,12.819387829485521,14.473893218200717,1.9299293504474648,8.95881793097357,24524,477,228,2314,110,45,73,19,172,500.02,drop,p=0.9,0.9,0
9,map_blind,EKF cooperative,5,True,5.1660222041266595,4.100363778608386,4.505324592744061,9.988372320815527,13.040510332682208,1.4642371646682437,5.173629139510105,24559,442,228,2314,110,45,73,80,738,500.02,drop,p=0.9,0.9,0
9,map_blind,EKF cooperative,1,False,6.820863660616734,5.596586071636969,5.343525273251114,11.911024446349709,13.020454365998276,1.7932621806619764,10.504411528821757,24559,442,243,2314,124,27,92,54,563,500.02,drop,p=0.9,0.9,1
9,map_blind,EKF cooperative,2,False,1.6894285125665847,1.0052467304342734,0.2578455461780384,4.408148779059794,5.225247364798117,0.9178959899225893,0.25299569737277705,24559,442,243,2314,124,27,92,34,409,500.02,drop,p=0.9,0.9,1
9,map_blind,EKF cooperative,3,True,6.229632281572551,5.097060112224165,4.536709894031295,11.769625073020343,14.249387384640055,1.5830115673973395,6.0393351614886965,23876,1125,243,2314,124,27,92,56,432,500.02,drop,p=0.9,0.9,1
9,map_blind,EKF cooperative,4,True,7.613967762712066,6.310562856944043,5.80817623997254,13.076961178747883,14.086496243846552,1.8816018238429435,9.967823575382992,24524,477,243,2314,124,27,92,19,172,500.02,drop,p=0.9,0.9,1
9,map_blind,EKF cooperative,5,True,4.723248953205515,3.555897646519415,3.0149195556943917,9.867928154093713,11.399269952848773,1.4731731633771517,5.497163939661092,24559,442,243,2314,124,27,92,80,738,500.02,drop,p=0.9,0.9,1
9,map_blind,EKF cooperative,1,False,6.711455166889794,5.51692000854532,5.338795311168282,11.71335955668012,13.020457461481067,1.7892955136313233,10.441697315472647,24559,442,240,2314,122,26,92,54,563,500.02,drop,p=0.9,0.9,2
9,map_blind,EKF cooperative,2,False,2.6963681795587604,1.9484317888793767,1.7533671766099004,5.932284163422254,7.47711360340901,1.2922690578947833,3.1320272421905115,24559,442,240,2314,122,26,92,44,409,500.02,drop,p=0.9,0.9,2
9,map_blind,EKF cooperative,3,True,9.123096498162765,6.744016169982808,5.237845623037661,18.926070076862743,21.310863481938707,1.699879138001704,6.873008389709974,23876,1125,240,2314,122,26,92,47,432,500.02,drop,p=0.9,0.9,2
9,map_blind,EKF cooperative,4,True,8.151245665325735,6.804015803926519,7.037415608543682,13.068240377640727,14.769460555690186,1.9426770117157592,10.909876087377455,24524,477,240,2314,122,26,92,14,172,500.02,drop,p=0.9,0.9,2
9,map_blind,EKF cooperative,5,True,5.504686685873626,4.497874958904848,4.87806233637453,9.108208041785788,15.407440011825962,1.631738535258736,4.0446347854537406,24559,442,240,2314,122,26,92,81,738,500.02,drop,p=0.9,0.9,2
9,map_blind,EKF cooperative,1,False,6.821513998944511,5.597493515090461,5.34345394906198,11.911023655744504,13.020447428726042,1.7932967964283855,10.504412647659683,24559,442,235,2314,114,27,94,59,563,500.02,drop,p=0.9,0.9,3
9,map_blind,EKF cooperative,2,False,2.4894050749250347,1.5515821618954404,0.42645778691451297,5.932324336581967,7.477118065154146,1.1707967184344472,0.25299569110586284,24559,442,235,2314,114,27,94,47,409,500.02,drop,p=0.9,0.9,3
9,map_blind,EKF cooperative,3,True,3.7898994379855844,3.070300758729987,2.4553883543109043,7.052603863596937,7.227535919314273,1.2951056059992723,6.820238605621059,23876,1125,235,2314,114,27,94,40,432,500.02,drop,p=0.9,0.9,3
9,map_blind,EKF cooperative,4,True,7.730991149519427,6.4928080781156785,6.466687124667457,12.664646654640118,14.271552434041443,1.9862764812516955,10.170767871917807,24524,477,235,2314,114,27,94,15,172,500.02,drop,p=0.9,0.9,3
9,map_blind,EKF cooperative,5,True,5.292231776473552,4.327933701705447,4.703924994598766,9.704702592651326,14.92268233798277,1.376471333318113,5.684634229576493,24559,442,235,2314,114,27,94,74,738,500.02,drop,p=0.9,0.9,3
9,map_blind,EKF cooperative,1,False,6.819681928170715,5.594727313108035,5.341668609294994,11.911025726087988,13.020465483405863,1.7932669470014162,10.504409813094217,24559,442,242,2314,134,21,87,40,563,500.02,drop,p=0.9,0.9,4
9,map_blind,EKF cooperative,2,False,2.3765790936116415,1.3936079189860444,0.3111846354659129,5.946881835310048,7.499129714578996,1.1628165753857354,0.25299569737343924,24559,442,242,2314,134,21,87,43,409,500.02,drop,p=0.9,0.9,4
9,map_blind,EKF cooperative,3,True,4.8918991773351355,4.07250247835835,4.463679910267249,7.891522267054551,10.739570592802382,1.3872718547028031,10.739216602701385,23876,1125,242,2314,134,21,87,48,432,500.02,drop,p=0.9,0.9,4
9,map_blind,EKF cooperative,4,True,9.902234410259297,8.780494008267535,10.113718732787422,14.35332131876291,15.776959416874769,1.6511014265680712,8.308464608884869,24524,477,242,2314,134,21,87,17,172,500.02,drop,p=0.9,0.9,4
9,map_blind,EKF cooperative,5,True,5.301119682400872,3.827870292387565,3.1830033365876993,12.222391870139713,14.916747340299883,1.4372631491245456,3.9502409303187185,24559,442,242,2314,134,21,87,94,738,500.02,drop,p=0.9,0.9,4
9,map_blind,EKF cooperative,1,False,6.818900629334269,5.594052912305612,5.340600811024659,11.911026576793617,13.020472854296305,1.793251992005215,10.504408687706615,24559,442,0,2314,0,0,0,0,563,500.02,drop,p=1,1.0,0
9,map_blind,EKF cooperative,2,False,1.7313588255306072,1.0516108341190982,0.29429400784465154,4.364608934160149,5.145453310180772,0.9554058510078821,0.2529956973734485,24559,442,0,2314,0,0,0,0,409,500.02,drop,p=1,1.0,0
9,map_blind,EKF cooperative,3,True,5.76715149128194,4.871879644355977,5.348567220560658,9.584180570644847,12.323769470341107,1.3081437145664214,12.184319378945007,23876,1125,0,2314,0,0,0,0,432,500.02,drop,p=1,1.0,0
9,map_blind,EKF cooperative,4,True,7.858839059035873,6.602796484669945,6.725666148407873,12.588608395243176,14.211519067537086,1.9748548785114854,11.070387654199923,24524,477,0,2314,0,0,0,0,172,500.02,drop,p=1,1.0,0
9,map_blind,EKF cooperative,5,True,4.510439366368389,3.745565254595992,4.393182242826626,7.155376016431762,7.858956636527981,1.3933648962373177,5.247665476283467,24559,442,0,2314,0,0,0,0,738,500.02,drop,p=1,1.0,0
9,map_blind,EKF cooperative,1,False,6.818900629334269,5.594052912305612,5.340600811024659,11.911026576793617,13.020472854296305,1.793251992005215,10.504408687706615,24559,442,0,2314,0,0,0,0,563,500.02,drop,p=1,1.0,1
9,map_blind,EKF cooperative,2,False,1.7313588255306072,1.0516108341190982,0.29429400784465154,4.364608934160149,5.145453310180772,0.9554058510078821,0.2529956973734485,24559,442,0,2314,0,0,0,0,409,500.02,drop,p=1,1.0,1
9,map_blind,EKF cooperative,3,True,5.76715149128194,4.871879644355977,5.348567220560658,9.584180570644847,12.323769470341107,1.3081437145664214,12.184319378945007,23876,1125,0,2314,0,0,0,0,432,500.02,drop,p=1,1.0,1
9,map_blind,EKF cooperative,4,True,7.858839059035873,6.602796484669945,6.725666148407873,12.588608395243176,14.211519067537086,1.9748548785114854,11.070387654199923,24524,477,0,2314,0,0,0,0,172,500.02,drop,p=1,1.0,1
9,map_blind,EKF cooperative,5,True,4.510439366368389,3.745565254595992,4.393182242826626,7.155376016431762,7.858956636527981,1.3933648962373177,5.247665476283467,24559,442,0,2314,0,0,0,0,738,500.02,drop,p=1,1.0,1
9,map_blind,EKF cooperative,1,False,6.818900629334269,5.594052912305612,5.340600811024659,11.911026576793617,13.020472854296305,1.793251992005215,10.504408687706615,24559,442,0,2314,0,0,0,0,563,500.02,drop,p=1,1.0,2
9,map_blind,EKF cooperative,2,False,1.7313588255306072,1.0516108341190982,0.29429400784465154,4.364608934160149,5.145453310180772,0.9554058510078821,0.2529956973734485,24559,442,0,2314,0,0,0,0,409,500.02,drop,p=1,1.0,2
9,map_blind,EKF cooperative,3,True,5.76715149128194,4.871879644355977,5.348567220560658,9.584180570644847,12.323769470341107,1.3081437145664214,12.184319378945007,23876,1125,0,2314,0,0,0,0,432,500.02,drop,p=1,1.0,2
9,map_blind,EKF cooperative,4,True,7.858839059035873,6.602796484669945,6.725666148407873,12.588608395243176,14.211519067537086,1.9748548785114854,11.070387654199923,24524,477,0,2314,0,0,0,0,172,500.02,drop,p=1,1.0,2
9,map_blind,EKF cooperative,5,True,4.510439366368389,3.745565254595992,4.393182242826626,7.155376016431762,7.858956636527981,1.3933648962373177,5.247665476283467,24559,442,0,2314,0,0,0,0,738,500.02,drop,p=1,1.0,2
9,map_blind,EKF cooperative,1,False,6.818900629334269,5.594052912305612,5.340600811024659,11.911026576793617,13.020472854296305,1.793251992005215,10.504408687706615,24559,442,0,2314,0,0,0,0,563,500.02,drop,p=1,1.0,3
9,map_blind,EKF cooperative,2,False,1.7313588255306072,1.0516108341190982,0.29429400784465154,4.364608934160149,5.145453310180772,0.9554058510078821,0.2529956973734485,24559,442,0,2314,0,0,0,0,409,500.02,drop,p=1,1.0,3
9,map_blind,EKF cooperative,3,True,5.76715149128194,4.871879644355977,5.348567220560658,9.584180570644847,12.323769470341107,1.3081437145664214,12.184319378945007,23876,1125,0,2314,0,0,0,0,432,500.02,drop,p=1,1.0,3
9,map_blind,EKF cooperative,4,True,7.858839059035873,6.602796484669945,6.725666148407873,12.588608395243176,14.211519067537086,1.9748548785114854,11.070387654199923,24524,477,0,2314,0,0,0,0,172,500.02,drop,p=1,1.0,3
9,map_blind,EKF cooperative,5,True,4.510439366368389,3.745565254595992,4.393182242826626,7.155376016431762,7.858956636527981,1.3933648962373177,5.247665476283467,24559,442,0,2314,0,0,0,0,738,500.02,drop,p=1,1.0,3
9,map_blind,EKF cooperative,1,False,6.818900629334269,5.594052912305612,5.340600811024659,11.911026576793617,13.020472854296305,1.793251992005215,10.504408687706615,24559,442,0,2314,0,0,0,0,563,500.02,drop,p=1,1.0,4
9,map_blind,EKF cooperative,2,False,1.7313588255306072,1.0516108341190982,0.29429400784465154,4.364608934160149,5.145453310180772,0.9554058510078821,0.2529956973734485,24559,442,0,2314,0,0,0,0,409,500.02,drop,p=1,1.0,4
9,map_blind,EKF cooperative,3,True,5.76715149128194,4.871879644355977,5.348567220560658,9.584180570644847,12.323769470341107,1.3081437145664214,12.184319378945007,23876,1125,0,2314,0,0,0,0,432,500.02,drop,p=1,1.0,4
9,map_blind,EKF cooperative,4,True,7.858839059035873,6.602796484669945,6.725666148407873,12.588608395243176,14.211519067537086,1.9748548785114854,11.070387654199923,24524,477,0,2314,0,0,0,0,172,500.02,drop,p=1,1.0,4
9,map_blind,EKF cooperative,5,True,4.510439366368389,3.745565254595992,4.393182242826626,7.155376016431762,7.858956636527981,1.3933648962373177,5.247665476283467,24559,442,0,2314,0,0,0,0,738,500.02,drop,p=1,1.0,4
