dataset,regime,method,robot,blind,rmse_xy,mean_xy,median_xy,p95_xy,max_xy,rmse_theta,final_xy,n_scored,n_masked,messages_sent_total,candidates_total,fused_total,gated_total,declined_total,messages_sent_robot,candidates_robot,duration_s
1,full_map,Dead reckoning,1,False,5.13134564329715,4.383339477050023,4.292271517935441,8.408991067923884,11.766929051540568,2.225874447915066,3.986794316675785,74953,47,0,0,0,0,0,0,0,1500.0
1,full_map,Dead reckoning,2,False,4.676815171675937,3.951353865096069,3.7966502559053468,7.121101635142556,7.42730912181323,1.1044700484487304,4.87358946101155,75000,0,0,0,0,0,0,0,0,1500.0
1,full_map,Dead reckoning,3,False,6.4549942144244445,5.220438533132405,5.445749467829995,10.158655279516868,11.360650918312189,1.897020695548096,9.943448062550821,75000,0,0,0,0,0,0,0,0,1500.0
1,full_map,Dead reckoning,4,False,1.6287642217137708,1.3186158191063644,1.2321303301857944,2.9543333947830503,4.2244202900059955,0.5026970844334488,0.2018009014895981,74931,69,0,0,0,0,0,0,0,1500.0
1,full_map,Dead reckoning,5,False,6.425105173987856,5.796855955864253,6.923817181360494,9.857549919795854,10.586984622459415,1.0888727032902505,7.858276707242526,75000,0,0,0,0,0,0,0,0,1500.0
1,full_map,EKF landmarks,1,False,0.19110471022122819,0.14343482838011629,0.10294867096133316,0.4337395616678031,0.772595051329243,0.12139241651158325,0.06526327175616245,74953,47,0,6453,0,0,0,0,952,1500.0
1,full_map,EKF landmarks,2,False,0.1501975630548997,0.12332252679517818,0.10540344611832313,0.2858203215605176,0.5773263232105508,0.08704283970379022,0.11239692869763396,75000,0,0,6453,0,0,0,0,1156,1500.0
1,full_map,EKF landmarks,3,False,0.1533832261279893,0.12280936986047263,0.09691380981470235,0.3052988381901521,0.7647585491744412,0.07498934604543095,0.091757159328316,75000,0,0,6453,0,0,0,0,1969,1500.0
1,full_map,EKF landmarks,4,False,0.23986711996268836,0.1959536703715227,0.1483762152078567,0.4406154859047585,0.7702871647306279,0.113461091228989,0.3891568146098774,74931,69,0,6453,0,0,0,0,722,1500.0
1,full_map,EKF landmarks,5,False,0.18920766434453606,0.14927073844225713,0.11809634980827911,0.391289884683328,0.9533262190148993,0.09869078255670995,0.028807249712049673,75000,0,0,6453,0,0,0,0,1654,1500.0
1,full_map,EKF cooperative,1,False,0.1859986426193207,0.1386710116566107,0.09898707839344827,0.4273223635460798,0.7726173766199086,0.11739109142383684,0.06503801993039152,74953,47,6453,6453,2832,4,3617,952,952,1500.0
1,full_map,EKF cooperative,2,False,0.15089795911352838,0.1259525582115239,0.10998260942480233,0.280932245059409,0.5772448236547119,0.08486932254756081,0.1195139372358159,75000,0,6453,6453,2832,4,3617,1156,1156,1500.0
1,full_map,EKF cooperative,3,False,0.1822838725134409,0.13435845121526624,0.10342126925154801,0.3544113574291005,0.9772778585875844,0.07760288717953674,0.8012751494605268,75000,0,6453,6453,2832,4,3617,1969,1969,1500.0
1,full_map,EKF cooperative,4,False,0.24153504448513588,0.19364342331741177,0.14966856078047805,0.4246231886390324,0.953768983799364,0.12534042620292984,0.39783639738707893,74931,69,6453,6453,2832,4,3617,722,722,1500.0
1,full_map,EKF cooperative,5,False,0.19005193802149753,0.15005336311564135,0.11971276345203663,0.3908685659516165,0.9240794803993562,0.08669100836521308,0.02874414616896744,75000,0,6453,6453,2832,4,3617,1654,1654,1500.0
1,map_blind,Dead reckoning,1,False,5.13134564329715,4.383339477050023,4.292271517935441,8.408991067923884,11.766929051540568,2.225874447915066,3.986794316675785,74953,47,0,0,0,0,0,0,0,1500.0
1,map_blind,Dead reckoning,2,False,4.676815171675937,3.951353865096069,3.7966502559053468,7.121101635142556,7.42730912181323,1.1044700484487304,4.87358946101155,75000,0,0,0,0,0,0,0,0,1500.0
1,map_blind,Dead reckoning,3,True,6.4549942144244445,5.220438533132405,5.445749467829995,10.158655279516868,11.360650918312189,1.897020695548096,9.943448062550821,75000,0,0,0,0,0,0,0,0,1500.0
1,map_blind,Dead reckoning,4,True,1.6287642217137708,1.3186158191063644,1.2321303301857944,2.9543333947830503,4.2244202900059955,0.5026970844334488,0.2018009014895981,74931,69,0,0,0,0,0,0,0,1500.0
1,map_blind,Dead reckoning,5,True,6.425105173987856,5.796855955864253,6.923817181360494,9.857549919795854,10.586984622459415,1.0888727032902505,7.858276707242526,75000,0,0,0,0,0,0,0,0,1500.0
1,map_blind,EKF landmarks,1,False,0.19110471022122819,0.14343482838011629,0.10294867096133316,0.4337395616678031,0.772595051329243,0.12139241651158325,0.06526327175616245,74953,47,0,6453,0,0,0,0,952,1500.0
1,map_blind,EKF landmarks,2,False,0.1501975630548997,0.12332252679517818,0.10540344611832313,0.2858203215605176,0.5773263232105508,0.08704283970379022,0.11239692869763396,75000,0,0,6453,0,0,0,0,1156,1500.0
1,map_blind,EKF landmarks,3,True,6.454994214424672,5.220438533132711,5.445749467829375,10.158655279516811,11.36065091831298,1.89702069554796,9.943448062549917,75000,0,0,6453,0,0,0,0,1969,1500.0
1,map_blind,EKF landmarks,4,True,1.628764221713688,1.3186158191062103,1.2321303301850686,2.9543333947829646,4.22442029000526,0.5026970844334483,0.20180090148954746,74931,69,0,6453,0,0,0,0,722,1500.0
1,map_blind,EKF landmarks,5,True,6.4251051739885146,5.79685595586484,6.92381718136196,9.857549919796986,10.586984622460887,1.0888727032904675,7.858276707242674,75000,0,0,6453,0,0,0,0,1654,1500.0
1,map_blind,EKF cooperative,1,False,0.19282843492257157,0.14360065269682273,0.10288476316245593,0.4476396653916987,0.7726018921510022,0.12135285028867979,0.06405709977596119,74953,47,6453,6453,1999,1,4453,952,952,1500.0
1,map_blind,EKF cooperative,2,False,0.15284130547369446,0.12484890587564429,0.10505485649982765,0.29176720038720116,0.5773764702289109,0.08562235656141823,0.1229947116109586,75000,0,6453,6453,1999,1,4453,1156,1156,1500.0
1,map_blind,EKF cooperative,3,True,0.4368732473575112,0.3227730084274982,0.2280763064353799,0.9540243048632248,1.4613096519719517,0.22129183790394164,0.10148056925818219,75000,0,6453,6453,1999,1,4453,1969,1969,1500.0
1,map_blind,EKF cooperative,4,True,0.6096887275068903,0.4632921501202474,0.3509925667052226,1.476108107417268,1.8386240690456568,0.3060197281013794,0.12322419191101736,74931,69,6453,6453,1999,1,4453,722,722,1500.0
1,map_blind,EKF cooperative,5,True,0.36553132367450764,0.2835922157851779,0.2148020917168718,0.9344252750264731,1.0652122938785606,0.4201216258163882,0.2701152292320608,75000,0,6453,6453,1999,1,4453,1654,1654,1500.0
2,full_map,Dead reckoning,1,False,4.02700174476924,3.4600084762310743,3.141487899159601,7.3008097982403495,9.892094564221336,1.8766610274824798,3.7875486968224887,93068,0,0,0,0,0,0,0,0,1861.3600000000001
2,full_map,Dead reckoning,2,False,3.039045464021731,2.618531196909922,2.475284341373497,6.317914607923079,6.984519726857098,0.9340131471727329,2.3641542098485577,92989,79,0,0,0,0,0,0,0,1861.3600000000001
2,full_map,Dead reckoning,3,False,5.2688273353880755,4.51496262895043,4.403347889632473,9.508280028534726,11.623260830387286,2.459848709180597,5.260557925532203,93068,0,0,0,0,0,0,0,0,1861.3600000000001
2,full_map,Dead reckoning,4,False,6.161524044930269,5.169839745033896,4.57332903515175,11.288711217808256,14.572139976614022,1.1221200149471469,8.739755603992007,93036,32,0,0,0,0,0,0,0,1861.3600000000001
2,full_map,Dead reckoning,5,False,3.165435053515817,2.7542410280328675,2.5981897831437832,5.561434910011592,7.016777585602687,1.298388417471198,5.591814694735935,93068,0,0,0,0,0,0,0,0,1861.3600000000001
2,full_map,EKF landmarks,1,False,0.17758568757023183,0.12070594351625805,0.07076303213186524,0.3793300783354888,0.7461864642468078,0.09874094062805747,0.0874764673291426,93068,0,0,8793,0,0,0,0,1884,1861.3600000000001
2,full_map,EKF landmarks,2,False,0.1876971695775691,0.15048934381633594,0.11809208733044167,0.37541213391087247,0.6715804942157418,0.07890818475647764,0.24023003808484625,92989,79,0,8793,0,0,0,0,1684,1861.3600000000001
2,full_map,EKF landmarks,3,False,0.15984051214856715,0.12106975117257592,0.0863709438928702,0.3306938036362228,0.6632871609420143,0.07905072615808063,0.16786367626284449,93068,0,0,8793,0,0,0,0,2108,1861.3600000000001
2,full_map,EKF landmarks,4,False,0.26191696917324175,0.20950645264077714,0.1657252731369964,0.5385719635596826,0.9882669877821412,0.18921434120502734,0.2234214214221065,93036,32,0,8793,0,0,0,0,1030,1861.3600000000001
2,full_map,EKF landmarks,5,False,0.180075748246612,0.13717428336248522,0.10640662824192582,0.39034205301874103,0.7743517899070537,0.07217460663856502,0.05266744046507226,93068,0,0,8793,0,0,0,0,2087,1861.3600000000001
2,full_map,EKF cooperative,1,False,0.17163617284728605,0.11729382005194113,0.07070364691305919,0.34231383013733996,0.7459206489852256,0.08067430008963218,0.08792222061253122,93068,0,8793,8793,3594,1,5198,1884,1884,1861.3600000000001
2,full_map,EKF cooperative,2,False,0.17728028103771945,0.14251161283152194,0.11275169044936173,0.35010003341759927,0.6725744107422235,0.07668118669904665,0.20671201465630412,92989,79,8793,8793,3594,1,5198,1684,1684,1861.3600000000001
2,full_map,EKF cooperative,3,False,0.15311123499194104,0.11579245963785946,0.08378824649553787,0.31427474676817774,0.6534084790051813,0.0755787959527642,0.15092854233587724,93068,0,8793,8793,3594,1,5198,2108,2108,1861.3600000000001
2,full_map,EKF cooperative,4,False,0.25678690805605214,0.211031203385634,0.16964415556218668,0.47711497903160777,0.9999728159756811,0.1913359003633604,0.30065866403690944,93036,32,8793,8793,3594,1,5198,1030,1030,1861.3600000000001
2,full_map,EKF cooperative,5,False,0.17193859706291711,0.13098348453361416,0.10296119133003587,0.3728276655766986,0.7743514366007044,0.07243062837448205,0.062411791564957596,93068,0,8793,8793,3594,1,5198,2087,2087,1861.3600000000001
2,map_blind,Dead reckoning,1,False,4.02700174476924,3.4600084762310743,3.141487899159601,7.3008097982403495,9.892094564221336,1.8766610274824798,3.7875486968224887,93068,0,0,0,0,0,0,0,0,1861.3600000000001
2,map_blind,Dead reckoning,2,False,3.039045464021731,2.618531196909922,2.475284341373497,6.317914607923079,6.984519726857098,0.9340131471727329,2.3641542098485577,92989,79,0,0,0,0,0,0,0,1861.3600000000001
2,map_blind,Dead reckoning,3,True,5.2688273353880755,4.51496262895043,4.403347889632473,9.508280028534726,11.623260830387286,2.459848709180597,5.260557925532203,93068,0,0,0,0,0,0,0,0,1861.3600000000001
2,map_blind,Dead reckoning,4,True,6.161524044930269,5.169839745033896,4.57332903515175,11.288711217808256,14.572139976614022,1.1221200149471469,8.739755603992007,93036,32,0,0,0,0,0,0,0,1861.3600000000001
2,map_blind,Dead reckoning,5,True,3.165435053515817,2.7542410280328675,2.5981897831437832,5.561434910011592,7.016777585602687,1.298388417471198,5.591814694735935,93068,0,0,0,0,0,0,0,0,1861.3600000000001
2,map_blind,EKF landmarks,1,False,0.17758568757023183,0.12070594351625805,0.07076303213186524,0.3793300783354888,0.7461864642468078,0.09874094062805747,0.0874764673291426,93068,0,0,8793,0,0,0,0,1884,1861.3600000000001
2,map_blind,EKF landmarks,2,False,0.1876971695775691,0.15048934381633594,0.11809208733044167,0.37541213391087247,0.6715804942157418,0.07890818475647764,0.24023003808484625,92989,79,0,8793,0,0,0,0,1684,1861.3600000000001
2,map_blind,EKF landmarks,3,True,5.268827335387854,4.514962628950363,4.403347889630736,9.508280028535093,11.62326083038849,2.459848709180516,5.260557925533613,93068,0,0,8793,0,0,0,0,2108,1861.3600000000001
2,map_blind,EKF landmarks,4,True,6.161524044930095,5.169839745033775,4.573329035151527,11.288711217807851,14.572139976612908,1.1221200149468533,8.739755603992652,93036,32,0,8793,0,0,0,0,1030,1861.3600000000001
2,map_blind,EKF landmarks,5,True,3.1654350535175935,2.7542410280343916,2.598189783144768,5.561434910014043,7.016777585604443,1.2983884174720035,5.591814694737999,93068,0,0,8793,0,0,0,0,2087,1861.3600000000001
2,map_blind,EKF cooperative,1,False,0.174415188695543,0.11925036976953764,0.07397143241705112,0.36767066857076003,0.7470587876067569,0.08065796785919048,0.08710447381216918,93068,0,8793,8793,2448,1,6344,1884,1884,1861.3600000000001
2,map_blind,EKF cooperative,2,False,0.18207859765969792,0.1466769546660095,0.11554587186598309,0.3683633485642454,0.6646849542293127,0.07805013323077344,0.16185080566744994,92989,79,8793,8793,2448,1,6344,1684,1684,1861.3600000000001
2,map_blind,EKF cooperative,3,True,0.49729069184392477,0.3673269232609031,0.2547114149843795,1.2242338403079658,1.728350996415963,0.25836614666801916,0.19729609523778677,93068,0,8793,8793,2448,1,6344,2108,2108,1861.3600000000001
2,map_blind,EKF cooperative,4,True,0.6329727389598332,0.4203704671398469,0.296221947651052,0.9673058634143253,2.9886834004310816,0.29131594563049823,0.34777793956894526,93036,32,8793,8793,2448,1,6344,1030,1030,1861.3600000000001
2,map_blind,EKF cooperative,5,True,0.31737733704800386,0.26430493628393925,0.2128751969154264,0.5990592414363819,1.3068409882220928,0.18124303628996846,0.6368826527320777,93068,0,8793,8793,2448,1,6344,2087,2087,1861.3600000000001
3,full_map,Dead reckoning,1,False,1.6218165264191007,1.360032986304351,1.1902922833974128,2.908381980461079,3.802307541311123,0.5081569514252611,3.802244777816674,89943,57,0,0,0,0,0,0,0,1800.0
3,full_map,Dead reckoning,2,False,3.452501758771856,2.954726438039408,3.0919332319065136,5.872311592381884,7.851434895827498,1.8429162096077776,2.6887175147206426,89972,28,0,0,0,0,0,0,0,1800.0
3,full_map,Dead reckoning,3,False,6.832015765223382,5.902067876028776,6.4969662489821385,11.04920841651213,14.899569073152017,1.8253654067693363,7.967619769349821,84162,5838,0,0,0,0,0,0,0,1800.0
3,full_map,Dead reckoning,4,False,3.1941566138824173,2.8995198984419948,3.7743356311141056,3.774924520123595,3.818188247282399,1.1757284221973596,3.7749806267521704,89972,28,0,0,0,0,0,0,0,1800.0
3,full_map,Dead reckoning,5,False,4.546383569506533,3.816003586193636,3.5382908030849087,8.39821818699542,10.657681787372137,1.764008204975894,2.79501933542929,89972,28,0,0,0,0,0,0,0,1800.0
3,full_map,EKF landmarks,1,False,0.0854832822033719,0.06680683583401698,0.054019283630660414,0.17273685665030403,0.45246675035786155,0.08967608056122882,0.03420197627306006,89943,57,0,6893,0,0,0,0,1292,1800.0
3,full_map,EKF landmarks,2,False,0.12020907855359264,0.09370170193037204,0.07549192292559778,0.24289371706337143,0.5589495173573782,0.06972760371951797,0.09997327564970297,89972,28,0,6893,0,0,0,0,1427,1800.0
3,full_map,EKF landmarks,3,False,0.15062775243674403,0.1082225092723226,0.07614880583167452,0.3360028101842509,0.7682126229421128,0.10417298409673528,0.05585275288960221,84162,5838,0,6893,0,0,0,0,1817,1800.0
3,full_map,EKF landmarks,4,False,0.11864474633291054,0.1144219626095015,0.12190300386253208,0.15394730810901425,0.3679520684182535,0.05024937585752954,0.12274835386696469,89972,28,0,6893,0,0,0,0,161,1800.0
3,full_map,EKF landmarks,5,False,0.13015151828213442,0.10357895790062978,0.08787184474691205,0.2590173197944616,0.6127223506647894,0.09373714880991071,0.09938360928026645,89972,28,0,6893,0,0,0,0,2196,1800.0
3,full_map,EKF cooperative,1,False,0.08621928241894357,0.06828573002743125,0.056687237379322096,0.17149244480302173,0.4522386576435226,0.08962774232551972,0.034054017224566614,89943,57,6893,6893,2928,1,3964,1292,1292,1800.0
3,full_map,EKF cooperative,2,False,0.12136121896263063,0.09492256156814428,0.07448219960526542,0.23353982016909744,0.5593392189737105,0.06937948227491442,0.0996893147680715,89972,28,6893,6893,2928,1,3964,1427,1427,1800.0
3,full_map,EKF cooperative,3,False,0.1545411781652821,0.11316578490244,0.08354089982938717,0.33490852106272406,0.7680559779677728,0.1036933022128201,0.055859750795157107,84162,5838,6893,6893,2928,1,3964,1817,1817,1800.0
3,full_map,EKF cooperative,4,False,0.11758181258148774,0.11375585798594087,0.12190229483168538,0.1519101085378409,0.30997150440745563,0.0500648164628071,0.12274833148261759,89972,28,6893,6893,2928,1,3964,161,161,1800.0
3,full_map,EKF cooperative,5,False,0.13278198066048041,0.10584088416483671,0.08862377313541112,0.2667517045537749,0.6177588811634428,0.09519747993148495,0.07701634948344305,89972,28,6893,6893,2928,1,3964,2196,2196,1800.0
3,map_blind,Dead reckoning,1,False,1.6218165264191007,1.360032986304351,1.1902922833974128,2.908381980461079,3.802307541311123,0.5081569514252611,3.802244777816674,89943,57,0,0,0,0,0,0,0,1800.0
3,map_blind,Dead reckoning,2,False,3.452501758771856,2.954726438039408,3.0919332319065136,5.872311592381884,7.851434895827498,1.8429162096077776,2.6887175147206426,89972,28,0,0,0,0,0,0,0,1800.0
3,map_blind,Dead reckoning,3,True,6.832015765223382,5.902067876028776,6.4969662489821385,11.04920841651213,14.899569073152017,1.8253654067693363,7.967619769349821,84162,5838,0,0,0,0,0,0,0,1800.0
3,map_blind,Dead reckoning,4,True,3.1941566138824173,2.8995198984419948,3.7743356311141056,3.774924520123595,3.818188247282399,1.1757284221973596,3.7749806267521704,89972,28,0,0,0,0,0,0,0,1800.0
3,map_blind,Dead reckoning,5,True,4.546383569506533,3.816003586193636,3.5382908030849087,8.39821818699542,10.657681787372137,1.764008204975894,2.79501933542929,89972,28,0,0,0,0,0,0,0,1800.0
3,map_blind,EKF landmarks,1,False,0.0854832822033719,0.06680683583401698,0.054019283630660414,0.17273685665030403,0.45246675035786155,0.08967608056122882,0.03420197627306006,89943,57,0,6893,0,0,0,0,1292,1800.0
3,map_blind,EKF landmarks,2,False,0.12020907855359264,0.09370170193037204,0.07549192292559778,0.24289371706337143,0.5589495173573782,0.06972760371951797,0.09997327564970297,89972,28,0,6893,0,0,0,0,1427,1800.0
3,map_blind,EKF landmarks,3,True,6.8320157652207465,5.902067876026354,6.496966248980822,11.049208416509414,14.899569073155225,1.8253654067712963,7.967619769353153,84162,5838,0,6893,0,0,0,0,1817,1800.0
3,map_blind,EKF landmarks,4,True,3.194156613882999,2.8995198984425192,3.774335631114792,3.7749245201242814,3.8181882472830777,1.1757284221974729,3.774980626752857,89972,28,0,6893,0,0,0,0,161,1800.0
3,map_blind,EKF landmarks,5,True,4.546383569507114,3.816003586194109,3.538290803085785,8.398218186995788,10.657681787372574,1.764008204976124,2.795019335429136,89972,28,0,6893,0,0,0,0,2196,1800.0
3,map_blind,EKF cooperative,1,False,0.08634709488602735,0.06792197073726326,0.055071729420752696,0.1730848564943416,0.4523839818335615,0.08958605654993639,0.0339193733561475,89943,57,6893,6893,2098,8,4787,1292,1292,1800.0
3,map_blind,EKF cooperative,2,False,0.12053013747379644,0.09410432226205023,0.07480109834861665,0.23905501644108654,0.5589495173871157,0.06945824611838934,0.09997348792683851,89972,28,6893,6893,2098,8,4787,1427,1427,1800.0
3,map_blind,EKF cooperative,3,True,0.6425821964842022,0.4367944754646058,0.28576072095817523,1.6380465760428131,2.61699969564926,0.30009303035879337,0.3246684736689998,84162,5838,6893,6893,2098,8,4787,1817,1817,1800.0
3,map_blind,EKF cooperative,4,True,3.237107214853021,2.917078761926774,3.818045670374257,3.8184965460109375,3.8989396717024345,1.0112943955847749,3.8185329913102106,89972,28,6893,6893,2098,8,4787,161,161,1800.0
3,map_blind,EKF cooperative,5,True,0.6651621851772249,0.4611213512356663,0.27222511901991286,1.6861758212355396,2.2882044283586027,0.3823525889418285,0.25778862677522885,89972,28,6893,6893,2098,8,4787,2196,2196,1800.0
4,full_map,Dead reckoning,1,False,3.102386695928027,2.727126144884324,2.986291942334472,4.735480834627217,5.159090964771734,1.910666164872726,3.936996614727168,69972,28,0,0,0,0,0,0,0,1400.0
4,full_map,Dead reckoning,2,False,4.689296068744049,4.45547216598497,4.731276514213036,6.4821366642547025,7.3446452551263235,1.1036850936316016,3.6837381068872097,69972,28,0,0,0,0,0,0,0,1400.0
4,full_map,Dead reckoning,3,False,4.617143338724597,4.153761622341684,4.574420689440903,7.244612677189231,7.624057010445277,1.578139720010774,6.241507108188124,69972,28,0,0,0,0,0,0,0,1400.0
4,full_map,Dead reckoning,4,False,2.7942068553668697,2.378467609111492,2.1752400049965406,5.537207007143959,7.293104671439292,1.410206123676159,7.290528655362432,69972,28,0,0,0,0,0,0,0,1400.0
4,full_map,Dead reckoning,5,False,2.266928751376982,1.9260622903870193,2.1722668168886994,3.871790607989494,3.9527937826161827,0.6200209252224907,3.41259300726891,69972,28,0,0,0,0,0,0,0,1400.0
4,full_map,EKF landmarks,1,False,0.07954156025888386,0.06539374441213376,0.0627028933673579,0.13997927396907964,0.3737720402379662,0.06061175005554812,0.054637487542550545,69972,28,0,6845,0,0,0,0,1341,1400.0
4,full_map,EKF landmarks,2,False,0.09198949714118038,0.07546619455819643,0.06586803621696219,0.17329278950791768,0.40410963009857787,0.05651317757580648,0.04513616713969845,69972,28,0,6845,0,0,0,0,1135,1400.0
4,full_map,EKF landmarks,3,False,0.10886198860191278,0.08734916142097533,0.07039163866316649,0.22100708975451014,0.4985540731027477,0.06247450755530052,0.13289871066716696,69972,28,0,6845,0,0,0,0,1277,1400.0
4,full_map,EKF landmarks,4,False,0.1655920112282054,0.13949605433450282,0.12058065517312833,0.3329916470921537,0.6107154984360381,0.0794761829695811,0.06872583531384197,69972,28,0,6845,0,0,0,0,756,1400.0
4,full_map,EKF landmarks,5,False,0.110990136064397,0.09085295629263139,0.07829787101435558,0.22413620242493837,0.3992029389170511,0.0782123015647213,0.12522173786063032,69972,28,0,6845,0,0,0,0,2336,1400.0
4,full_map,EKF cooperative,1,False,0.07879036734918472,0.06576876399088097,0.06356641281992573,0.1291578323349911,0.37061423451707326,0.05957006773081064,0.0538644748866062,69972,28,6845,6845,2824,3,4018,1341,1341,1400.0
4,full_map,EKF cooperative,2,False,0.09128927974881038,0.07600073416592443,0.06932354806879483,0.16454166586876157,0.40293506342518653,0.055552093424523837,0.04505291885211672,69972,28,6845,6845,2824,3,4018,1135,1135,1400.0
4,full_map,EKF cooperative,3,False,0.10519476792189957,0.08441163533184605,0.06920000501744905,0.2117038584279134,0.49937729334031605,0.05939201265559457,0.12113141607298927,69972,28,6845,6845,2824,3,4018,1277,1277,1400.0
4,full_map,EKF cooperative,4,False,0.16800764723576278,0.14267161130390418,0.12723455934521788,0.3305327148719482,0.6108498031137589,0.07761309051790957,0.10141817416382988,69972,28,6845,6845,2824,3,4018,756,756,1400.0
4,full_map,EKF cooperative,5,False,0.11131938785237046,0.0915449143854836,0.08012725917626552,0.21788729029781562,0.39921143942776943,0.07750878030024735,0.09757498682793338,69972,28,6845,6845,2824,3,4018,2336,2336,1400.0
4,map_blind,Dead reckoning,1,False,3.102386695928027,2.727126144884324,2.986291942334472,4.735480834627217,5.159090964771734,1.910666164872726,3.936996614727168,69972,28,0,0,0,0,0,0,0,1400.0
4,map_blind,Dead reckoning,2,False,4.689296068744049,4.45547216598497,4.731276514213036,6.4821366642547025,7.3446452551263235,1.1036850936316016,3.6837381068872097,69972,28,0,0,0,0,0,0,0,1400.0
4,map_blind,Dead reckoning,3,True,4.617143338724597,4.153761622341684,4.574420689440903,7.244612677189231,7.624057010445277,1.578139720010774,6.241507108188124,69972,28,0,0,0,0,0,0,0,1400.0
4,map_blind,Dead reckoning,4,True,2.7942068553668697,2.378467609111492,2.1752400049965406,5.537207007143959,7.293104671439292,1.410206123676159,7.290528655362432,69972,28,0,0,0,0,0,0,0,1400.0
4,map_blind,Dead reckoning,5,True,2.266928751376982,1.9260622903870193,2.1722668168886994,3.871790607989494,3.9527937826161827,0.6200209252224907,3.41259300726891,69972,28,0,0,0,0,0,0,0,1400.0
4,map_blind,EKF landmarks,1,False,0.07954156025888386,0.06539374441213376,0.0627028933673579,0.13997927396907964,0.3737720402379662,0.06061175005554812,0.054637487542550545,69972,28,0,6845,0,0,0,0,1341,1400.0
4,map_blind,EKF landmarks,2,False,0.09198949714118038,0.07546619455819643,0.06586803621696219,0.17329278950791768,0.40410963009857787,0.05651317757580648,0.04513616713969845,69972,28,0,6845,0,0,0,0,1135,1400.0
4,map_blind,EKF landmarks,3,True,4.61714333872428,4.153761622341565,4.574420689440969,7.244612677186549,7.624057010441142,1.578139720010141,6.241507108182815,69972,28,0,6845,0,0,0,0,1277,1400.0
4,map_blind,EKF landmarks,4,True,2.7942068553666997,2.3784676091113166,2.175240004996365,5.5372070071434925,7.293104671440567,1.4102061236762313,7.290528655363707,69972,28,0,6845,0,0,0,0,756,1400.0
4,map_blind,EKF landmarks,5,True,2.2669287513766867,1.926062290386791,2.1722668168882593,3.8717906079891837,3.952793782615865,0.6200209252225017,3.412593007269155,69972,28,0,6845,0,0,0,0,2336,1400.0
4,map_blind,EKF cooperative,1,False,0.0786271429129172,0.06501484655400391,0.06269403291465081,0.13036918069761694,0.37216898618865096,0.05976601791827109,0.05303249428628958,69972,28,6845,6845,2503,8,4334,1341,1341,1400.0
4,map_blind,EKF cooperative,2,False,0.09043981817327339,0.07507678299130392,0.06791053024007035,0.16581020661348606,0.40293506342518653,0.055697531599873645,0.04514482038210197,69972,28,6845,6845,2503,8,4334,1135,1135,1400.0
4,map_blind,EKF cooperative,3,True,0.38171999019241487,0.25274547616805865,0.16575879518899084,1.0002533867948675,1.5620784384585555,0.2592689529884652,0.2284823484787052,69972,28,6845,6845,2503,8,4334,1277,1277,1400.0
4,map_blind,EKF cooperative,4,True,0.462920576102017,0.371708634823685,0.3020256647573044,0.9830615245685613,1.2668947241241157,0.19015136957446135,0.08580986464943315,69972,28,6845,6845,2503,8,4334,756,756,1400.0
4,map_blind,EKF cooperative,5,True,0.3731507640306691,0.2820396939359607,0.22952944298287645,0.6715051225374217,2.1842951007049787,0.29895552745211496,0.039724763269487665,69972,28,6845,6845,2503,8,4334,2336,2336,1400.0
