regime,dataset,method,rmse_xy,rmse_xy_max_robot,median_xy,rmse_theta,messages,candidates,rmse_xy_blind
full_map,1,Dead reckoning,4.863404885019832,6.4549942144244445,4.3381237506434145,1.3637869959271183,0,0,
full_map,1,EKF landmarks,0.18475205674226833,0.23986711996268836,0.11434769838209888,0.09911529520930067,0,6453,
full_map,1,EKF cooperative,0.19015349135058468,0.24153504448513588,0.11635445626046266,0.09837894714381547,6453,6453,
map_blind,1,Dead reckoning,4.863404885019832,6.4549942144244445,4.3381237506434145,1.3637869959271183,0,0,4.836287870042024
map_blind,1,EKF landmarks,2.9700331766806003,6.454994214424672,2.7620098192912117,0.7394051478974498,0,6453,4.836287870042291
map_blind,1,EKF cooperative,0.35155260778703507,0.6096887275068903,0.20036211690395156,0.23088167973436144,6453,6453,0.4706977661796364
full_map,2,Dead reckoning,4.3323667285250265,6.161524044930269,3.438327789692221,1.5382062632508309,0,0,
full_map,2,EKF landmarks,0.19342321734324436,0.26191696917324175,0.10947159294681988,0.10361775987724162,0,8793,
full_map,2,EKF cooperative,0.18615063879918317,0.25678690805605214,0.10796978615003627,0.0993401622958571,8793,8793,
map_blind,2,Dead reckoning,4.3323667285250265,6.161524044930269,3.438327789692221,1.5382062632508309,0,0,4.865262144611387
map_blind,2,EKF landmarks,2.992213858196669,6.161524044930095,2.3527443654778675,1.0116012533967815,0,8793,4.865262144611847
map_blind,2,EKF cooperative,0.36082691084140056,0.6329727389598332,0.1906651727667784,0.17792664593568994,8793,8793,0.482546922617254
full_map,3,Dead reckoning,3.9293748467606577,6.832015765223382,3.618363639697016,1.4232350389951258,0,0,
full_map,3,EKF landmarks,0.12102327556175071,0.15062775243674403,0.08308697219947538,0.08151263860898447,0,6893,
full_map,3,EKF cooperative,0.12249709455776489,0.1545411781652821,0.08504728095621424,0.08159256464150925,6893,6893,
map_blind,3,Dead reckoning,3.9293748467606577,6.832015765223382,3.618363639697016,1.4232350389951258,0,0,4.857518649537444
map_blind,3,EKF landmarks,2.955649661873565,6.8320157652207465,2.7878207779475312,0.9849011436451282,0,6893,4.857518649536953
map_blind,3,EKF cooperative,0.9503457657748544,3.237107214853021,0.9011808676243429,0.37055686351074446,6893,6893,1.5149505321714827
full_map,4,Dead reckoning,3.493992342028105,4.689296068744049,3.32789919357473,1.3245436054827502,0,0,
full_map,4,EKF landmarks,0.1113950386589159,0.1655920112282054,0.0795682188869941,0.0674575839441915,0,6845,
full_map,4,EKF cooperative,0.11092029002160557,0.16800764723576278,0.0818903568855306,0.06592720892581719,6845,6845,
map_blind,4,Dead reckoning,3.493992342028105,4.689296068744049,3.32789919357473,1.3245436054827502,0,0,3.2260929818228163
map_blind,4,EKF landmarks,1.969962000573546,4.61714333872428,1.8100996881819829,0.7450983393080458,0,6845,3.2260929818225557
map_blind,4,EKF cooperative,0.2773716582822583,0.462920576102017,0.16558369321677857,0.17276787990663725,6845,6845,0.4059304434417003
