dataset,robot,duration_s,landmark_obs,robot_obs,robot_obs_per_min,robot_range_median_m,robot_range_max_m,gt_dropout_s,odom_missing_s
1,1,1500.0,4771,952,38.08,2.51,6.45,0.9,9.5
1,2,1500.0,5543,1156,46.24,2.41,6.56,0.0,10.7
1,3,1500.0,6771,1969,78.76,3.49,7.43,0.0,12.2
1,4,1500.0,3269,722,28.88,2.32,5.81,1.4,9.4
1,5,1500.0,7137,1654,66.16,2.4,5.7,0.0,10.9
2,1,1861.4,6631,1884,60.73,2.41,6.03,0.0,5.9
2,2,1861.4,6049,1684,54.28,2.23,6.88,1.6,6.9
2,3,1861.4,8624,2108,67.95,2.29,5.87,0.0,7.8
2,4,1861.4,3956,1030,33.2,2.59,5.28,0.6,14.3
2,5,1861.4,11296,2087,67.27,2.61,7.05,0.0,8.6
3,1,1800.0,7011,1292,43.07,2.26,7.28,1.1,8.1
3,2,1800.0,6697,1427,47.57,2.26,7.05,0.6,9.3
3,3,1800.0,8855,1817,60.57,3.0,8.85,116.8,10.3
3,4,1800.0,2229,161,5.37,2.4,5.09,0.6,293.9
3,5,1800.0,10363,2196,73.2,2.58,8.95,0.6,5.3
4,1,1400.0,6728,1341,57.47,2.16,5.15,0.6,11.3
4,2,1400.0,5242,1135,48.64,2.07,7.62,0.6,10.0
4,3,1400.0,6443,1277,54.73,2.48,5.87,0.6,12.7
4,4,1400.0,4779,756,32.4,2.66,6.19,0.6,17.0
4,5,1400.0,9368,2336,100.11,2.36,6.79,0.6,12.5
