knee_found,scope,regime,rmse_xy_full_comm,rmse_xy_no_comm,messages_per_robot_min_full_comm,family,setting,messages_per_robot_min,rmse_xy,message_fraction,fraction_of_gain
False,pooled,full_map,0.15243037868228454,0.1526483970765448,53.23408629430197,,,,,,
False,drop,full_map,0.15243037868228454,0.1526483970765448,53.23408629430197,,,,,,
False,radius,full_map,0.1524303786822845,0.1526483970765448,53.23408629430197,,,,,,
False,rate,full_map,0.149827291298484,0.1526483970765448,13.480358496705943,,,,,,
False,trigger,full_map,0.15245896827567906,0.1526483970765448,43.75587871643263,,,,,,
True,pooled,map_blind,0.4850242356713871,2.7219646743310952,53.23408629430197,rate,10 s,2.454697186082066,0.4921009022234939,0.04634978495818469,0.9968364528488085
True,drop,map_blind,0.4850242356713871,2.7219646743310952,53.23408629430197,drop,p=0.9,5.395065080934167,0.6959792794901053,0.10133820565958801,0.9056948320246226
True,radius,map_blind,0.485024235671387,2.7219646743310952,53.23408629430197,radius,2 m,17.555737977556603,1.0033152268889436,0.3288127210310132,0.7683036247813119
True,rate,map_blind,0.4275410041491213,2.7219646743310952,13.480358496705943,rate,10 s,2.454697186082066,0.4921009022234939,0.04634978495818469,0.9718622593928992
True,trigger,map_blind,0.48502907754550906,2.7219646743310952,50.16120260045395,trigger,tau=0.3,10.178349372808821,0.5050433235506752,0.19386410394847345,0.9910528286849536
