dataset,kind,range_band,n,inlier_fraction,range_bias_m,range_std_m,bearing_bias_rad,bearing_std_rad
1,landmark,all,27481,0.8664,0.0021,0.1239,-0.00476,0.0097
1,landmark,0-2 m,5183,0.831,0.0147,0.0716,-0.00744,0.01429
1,landmark,2-4 m,14458,0.8673,0.0012,0.1202,-0.00434,0.00962
1,landmark,4-10 m,7840,0.8881,-0.0197,0.1808,-0.00435,0.00789
1,robot,all,6449,0.9994,0.047,0.1018,-0.00623,0.00891
1,robot,0-2 m,1794,1.0,0.0376,0.0705,-0.00694,0.01094
1,robot,2-4 m,3448,0.9991,0.0543,0.0951,-0.00522,0.00895
1,robot,4-10 m,1207,0.9992,0.046,0.225,-0.00633,0.00611
2,landmark,all,36550,0.9995,0.0051,0.122,-0.00604,0.01021
2,landmark,0-2 m,7065,0.999,0.0204,0.071,-0.00799,0.01366
2,landmark,2-4 m,15932,0.9998,0.0075,0.1155,-0.00658,0.00954
2,landmark,4-10 m,13553,0.9994,-0.0157,0.1818,-0.00465,0.00923
2,robot,all,8791,0.9999,0.054,0.0918,-0.00605,0.0103
2,robot,0-2 m,2867,1.0,0.0517,0.0684,-0.00634,0.01174
2,robot,2-4 m,4617,1.0,0.0452,0.1054,-0.00705,0.00999
2,robot,4-10 m,1307,0.9992,0.0979,0.1124,-0.00304,0.00782
3,landmark,all,34004,0.9998,0.0193,0.1004,-0.00302,0.01054
3,landmark,0-2 m,8804,0.9999,0.0355,0.0758,-0.00561,0.01455
3,landmark,2-4 m,17173,0.9999,0.0216,0.0995,-0.00281,0.00999
3,landmark,4-10 m,8027,0.9994,-0.0152,0.15,-0.00151,0.00851
3,robot,all,6546,0.9994,0.0429,0.1002,-0.0026,0.00974
3,robot,0-2 m,2346,1.0,0.0535,0.0799,-0.00328,0.01269
3,robot,2-4 m,3075,0.9993,0.0419,0.1014,-0.00283,0.00916
3,robot,4-10 m,1125,0.9982,-0.0142,0.1918,-0.00125,0.00719
4,landmark,all,32550,0.9996,0.0144,0.1021,-0.00333,0.01197
4,landmark,0-2 m,8757,1.0,0.0205,0.0675,-0.00471,0.01651
4,landmark,2-4 m,16956,0.9995,0.0231,0.0989,-0.00287,0.01097
4,landmark,4-10 m,6837,0.9994,-0.0254,0.1825,-0.00337,0.01007
4,robot,all,6838,0.9988,0.0479,0.0984,-0.00464,0.01111
4,robot,0-2 m,2520,1.0,0.0547,0.079,-0.00471,0.01431
4,robot,2-4 m,3624,0.9981,0.0368,0.111,-0.00437,0.00942
4,robot,4-10 m,694,0.9986,0.0736,0.1216,-0.00568,0.00887
